[2026-05-09 08:59:56] local.ERROR: SQLSTATE[HY000] [2002] No connection could be made because the target machine actively refused it (Connection: mysql, SQL: select exists (select 1 from information_schema.tables where table_schema = 'luxestore' and table_name = 'migrations' and table_type in ('BASE TABLE', 'SYSTEM VERSIONED')) as `exists`) {"exception":"[object] (Illuminate\\Database\\QueryException(code: 2002): SQLSTATE[HY000] [2002] No connection could be made because the target machine actively refused it (Connection: mysql, SQL: select exists (select 1 from information_schema.tables where table_schema = 'luxestore' and table_name = 'migrations' and table_type in ('BASE TABLE', 'SYSTEM VERSIONED')) as `exists`) at C:/Users/vesot/Downloads/Telegram Desktop/ecommerce-laravel-v6-fixed/ecommerce-laravel-fixed/vendor/laravel/framework/src/Illuminate/Database/Connection.php:825)
[stacktrace]
#0 C:/Users/vesot/Downloads/Telegram Desktop/ecommerce-laravel-v6-fixed/ecommerce-laravel-fixed/vendor/laravel/framework/src/Illuminate/Database/Connection.php(979): Illuminate/Database/Connection->runQueryCallback('select exists (...', Array, Object(Closure))
#1 C:/Users/vesot/Downloads/Telegram Desktop/ecommerce-laravel-v6-fixed/ecommerce-laravel-fixed/vendor/laravel/framework/src/Illuminate/Database/Connection.php(958): Illuminate/Database/Connection->tryAgainIfCausedByLostConnection(Object(Illuminate/Database/QueryException), 'select exists (...', Array, Object(Closure))
#2 C:/Users/vesot/Downloads/Telegram Desktop/ecommerce-laravel-v6-fixed/ecommerce-laravel-fixed/vendor/laravel/framework/src/Illuminate/Database/Connection.php(781): Illuminate/Database/Connection->handleQueryException(Object(Illuminate/Database/QueryException), 'select exists (...', Array, Object(Closure))
#3 C:/Users/vesot/Downloads/Telegram Desktop/ecommerce-laravel-v6-fixed/ecommerce-laravel-fixed/vendor/laravel/framework/src/Illuminate/Database/Connection.php(398): Illuminate/Database/Connection->run('select exists (...', Array, Object(Closure))
#4 C:/Users/vesot/Downloads/Telegram Desktop/ecommerce-laravel-v6-fixed/ecommerce-laravel-fixed/vendor/laravel/framework/src/Illuminate/Database/Connection.php(344): Illuminate/Database/Connection->select('select exists (...', Array, true)
#5 C:/Users/vesot/Downloads/Telegram Desktop/ecommerce-laravel-v6-fixed/ecommerce-laravel-fixed/vendor/laravel/framework/src/Illuminate/Database/Connection.php(361): Illuminate/Database/Connection->selectOne('select exists (...', Array, true)
#6 C:/Users/vesot/Downloads/Telegram Desktop/ecommerce-laravel-v6-fixed/ecommerce-laravel-fixed/vendor/laravel/framework/src/Illuminate/Database/Schema/MySqlBuilder.php(45): Illuminate/Database/Connection->scalar('select exists (...')
#7 C:/Users/vesot/Downloads/Telegram Desktop/ecommerce-laravel-v6-fixed/ecommerce-laravel-fixed/vendor/laravel/framework/src/Illuminate/Database/Migrations/DatabaseMigrationRepository.php(184): Illuminate/Database/Schema/MySqlBuilder->hasTable('migrations')
#8 C:/Users/vesot/Downloads/Telegram Desktop/ecommerce-laravel-v6-fixed/ecommerce-laravel-fixed/vendor/laravel/framework/src/Illuminate/Database/Migrations/Migrator.php(742): Illuminate/Database/Migrations/DatabaseMigrationRepository->repositoryExists()
#9 C:/Users/vesot/Downloads/Telegram Desktop/ecommerce-laravel-v6-fixed/ecommerce-laravel-fixed/vendor/laravel/framework/src/Illuminate/Database/Console/Migrations/MigrateCommand.php(165): Illuminate/Database/Migrations/Migrator->repositoryExists()
#10 C:/Users/vesot/Downloads/Telegram Desktop/ecommerce-laravel-v6-fixed/ecommerce-laravel-fixed/vendor/laravel/framework/src/Illuminate/Support/helpers.php(338): Illuminate/Database/Console/Migrations/MigrateCommand->Illuminate/Database/Console/Migrations/{closure}(1)
#11 C:/Users/vesot/Downloads/Telegram Desktop/ecommerce-laravel-v6-fixed/ecommerce-laravel-fixed/vendor/laravel/framework/src/Illuminate/Database/Console/Migrations/MigrateCommand.php(165): retry(1, Object(Closure), 0, Object(Closure))
#12 C:/Users/vesot/Downloads/Telegram Desktop/ecommerce-laravel-v6-fixed/ecommerce-laravel-fixed/vendor/laravel/framework/src/Illuminate/Database/Console/Migrations/MigrateCommand.php(141): Illuminate/Database/Console/Migrations/MigrateCommand->repositoryExists()
#13 C:/Users/vesot/Downloads/Telegram Desktop/ecommerce-laravel-v6-fixed/ecommerce-laravel-fixed/vendor/laravel/framework/src/Illuminate/Database/Console/Migrations/MigrateCommand.php(111): Illuminate/Database/Console/Migrations/MigrateCommand->prepareDatabase()
#14 C:/Users/vesot/Downloads/Telegram Desktop/ecommerce-laravel-v6-fixed/ecommerce-laravel-fixed/vendor/laravel/framework/src/Illuminate/Database/Migrations/Migrator.php(658): Illuminate/Database/Console/Migrations/MigrateCommand->Illuminate/Database/Console/Migrations/{closure}()
#15 C:/Users/vesot/Downloads/Telegram Desktop/ecommerce-laravel-v6-fixed/ecommerce-laravel-fixed/vendor/laravel/framework/src/Illuminate/Database/Console/Migrations/MigrateCommand.php(110): Illuminate/Database/Migrations/Migrator->usingConnection(NULL, Object(Closure))
#16 C:/Users/vesot/Downloads/Telegram Desktop/ecommerce-laravel-v6-fixed/ecommerce-laravel-fixed/vendor/laravel/framework/src/Illuminate/Database/Console/Migrations/MigrateCommand.php(89): Illuminate/Database/Console/Migrations/MigrateCommand->runMigrations()
#17 C:/Users/vesot/Downloads/Telegram Desktop/ecommerce-laravel-v6-fixed/ecommerce-laravel-fixed/vendor/laravel/framework/src/Illuminate/Container/BoundMethod.php(36): Illuminate/Database/Console/Migrations/MigrateCommand->handle()
#18 C:/Users/vesot/Downloads/Telegram Desktop/ecommerce-laravel-v6-fixed/ecommerce-laravel-fixed/vendor/laravel/framework/src/Illuminate/Container/Util.php(43): Illuminate/Container/BoundMethod::Illuminate/Container/{closure}()
#19 C:/Users/vesot/Downloads/Telegram Desktop/ecommerce-laravel-v6-fixed/ecommerce-laravel-fixed/vendor/laravel/framework/src/Illuminate/Container/BoundMethod.php(95): Illuminate/Container/Util::unwrapIfClosure(Object(Closure))
#20 C:/Users/vesot/Downloads/Telegram Desktop/ecommerce-laravel-v6-fixed/ecommerce-laravel-fixed/vendor/laravel/framework/src/Illuminate/Container/BoundMethod.php(35): Illuminate/Container/BoundMethod::callBoundMethod(Object(Illuminate/Foundation/Application), Array, Object(Closure))
#21 C:/Users/vesot/Downloads/Telegram Desktop/ecommerce-laravel-v6-fixed/ecommerce-laravel-fixed/vendor/laravel/framework/src/Illuminate/Container/Container.php(696): Illuminate/Container/BoundMethod::call(Object(Illuminate/Foundation/Application), Array, Array, NULL)
#22 C:/Users/vesot/Downloads/Telegram Desktop/ecommerce-laravel-v6-fixed/ecommerce-laravel-fixed/vendor/laravel/framework/src/Illuminate/Console/Command.php(213): Illuminate/Container/Container->call(Array)
#23 C:/Users/vesot/Downloads/Telegram Desktop/ecommerce-laravel-v6-fixed/ecommerce-laravel-fixed/vendor/symfony/console/Command/Command.php(341): Illuminate/Console/Command->execute(Object(Symfony/Component/Console/Input/ArgvInput), Object(Illuminate/Console/OutputStyle))
#24 C:/Users/vesot/Downloads/Telegram Desktop/ecommerce-laravel-v6-fixed/ecommerce-laravel-fixed/vendor/laravel/framework/src/Illuminate/Console/Command.php(182): Symfony/Component/Console/Command/Command->run(Object(Symfony/Component/Console/Input/ArgvInput), Object(Illuminate/Console/OutputStyle))
#25 C:/Users/vesot/Downloads/Telegram Desktop/ecommerce-laravel-v6-fixed/ecommerce-laravel-fixed/vendor/symfony/console/Application.php(1117): Illuminate/Console/Command->run(Object(Symfony/Component/Console/Input/ArgvInput), Object(Symfony/Component/Console/Output/ConsoleOutput))
#26 C:/Users/vesot/Downloads/Telegram Desktop/ecommerce-laravel-v6-fixed/ecommerce-laravel-fixed/vendor/symfony/console/Application.php(356): Symfony/Component/Console/Application->doRunCommand(Object(Illuminate/Database/Console/Migrations/MigrateCommand), Object(Symfony/Component/Console/Input/ArgvInput), Object(Symfony/Component/Console/Output/ConsoleOutput))
#27 C:/Users/vesot/Downloads/Telegram Desktop/ecommerce-laravel-v6-fixed/ecommerce-laravel-fixed/vendor/symfony/console/Application.php(195): Symfony/Component/Console/Application->doRun(Object(Symfony/Component/Console/Input/ArgvInput), Object(Symfony/Component/Console/Output/ConsoleOutput))
#28 C:/Users/vesot/Downloads/Telegram Desktop/ecommerce-laravel-v6-fixed/ecommerce-laravel-fixed/vendor/laravel/framework/src/Illuminate/Foundation/Console/Kernel.php(198): Symfony/Component/Console/Application->run(Object(Symfony/Component/Console/Input/ArgvInput), Object(Symfony/Component/Console/Output/ConsoleOutput))
#29 C:/Users/vesot/Downloads/Telegram Desktop/ecommerce-laravel-v6-fixed/ecommerce-laravel-fixed/vendor/laravel/framework/src/Illuminate/Foundation/Application.php(1235): Illuminate/Foundation/Console/Kernel->handle(Object(Symfony/Component/Console/Input/ArgvInput), Object(Symfony/Component/Console/Output/ConsoleOutput))
#30 C:/Users/vesot/Downloads/Telegram Desktop/ecommerce-laravel-v6-fixed/ecommerce-laravel-fixed/artisan(13): Illuminate/Foundation/Application->handleCommand(Object(Symfony/Component/Console/Input/ArgvInput))
#31 {main}

[previous exception] [object] (PDOException(code: 2002): SQLSTATE[HY000] [2002] No connection could be made because the target machine actively refused it at C:/Users/vesot/Downloads/Telegram Desktop/ecommerce-laravel-v6-fixed/ecommerce-laravel-fixed/vendor/laravel/framework/src/Illuminate/Database/Connectors/Connector.php:66)
[stacktrace]
#0 C:/Users/vesot/Downloads/Telegram Desktop/ecommerce-laravel-v6-fixed/ecommerce-laravel-fixed/vendor/laravel/framework/src/Illuminate/Database/Connectors/Connector.php(66): PDO->__construct('mysql:host=127....', 'root', Object(SensitiveParameterValue), Array)
#1 C:/Users/vesot/Downloads/Telegram Desktop/ecommerce-laravel-v6-fixed/ecommerce-laravel-fixed/vendor/laravel/framework/src/Illuminate/Database/Connectors/Connector.php(85): Illuminate/Database/Connectors/Connector->createPdoConnection('mysql:host=127....', 'root', Object(SensitiveParameterValue), Array)
#2 C:/Users/vesot/Downloads/Telegram Desktop/ecommerce-laravel-v6-fixed/ecommerce-laravel-fixed/vendor/laravel/framework/src/Illuminate/Database/Connectors/Connector.php(48): Illuminate/Database/Connectors/Connector->tryAgainIfCausedByLostConnection(Object(PDOException), 'mysql:host=127....', 'root', Object(SensitiveParameterValue), Array)
#3 C:/Users/vesot/Downloads/Telegram Desktop/ecommerce-laravel-v6-fixed/ecommerce-laravel-fixed/vendor/laravel/framework/src/Illuminate/Database/Connectors/MySqlConnector.php(24): Illuminate/Database/Connectors/Connector->createConnection('mysql:host=127....', Array, Array)
#4 C:/Users/vesot/Downloads/Telegram Desktop/ecommerce-laravel-v6-fixed/ecommerce-laravel-fixed/vendor/laravel/framework/src/Illuminate/Database/Connectors/ConnectionFactory.php(185): Illuminate/Database/Connectors/MySqlConnector->connect(Array)
#5 [internal function]: Illuminate/Database/Connectors/ConnectionFactory->Illuminate/Database/Connectors/{closure}()
#6 C:/Users/vesot/Downloads/Telegram Desktop/ecommerce-laravel-v6-fixed/ecommerce-laravel-fixed/vendor/laravel/framework/src/Illuminate/Database/Connection.php(1231): call_user_func(Object(Closure))
#7 C:/Users/vesot/Downloads/Telegram Desktop/ecommerce-laravel-v6-fixed/ecommerce-laravel-fixed/vendor/laravel/framework/src/Illuminate/Database/Connection.php(1267): Illuminate/Database/Connection->getPdo()
#8 C:/Users/vesot/Downloads/Telegram Desktop/ecommerce-laravel-v6-fixed/ecommerce-laravel-fixed/vendor/laravel/framework/src/Illuminate/Database/Connection.php(512): Illuminate/Database/Connection->getReadPdo()
#9 C:/Users/vesot/Downloads/Telegram Desktop/ecommerce-laravel-v6-fixed/ecommerce-laravel-fixed/vendor/laravel/framework/src/Illuminate/Database/Connection.php(407): Illuminate/Database/Connection->getPdoForSelect(true)
#10 C:/Users/vesot/Downloads/Telegram Desktop/ecommerce-laravel-v6-fixed/ecommerce-laravel-fixed/vendor/laravel/framework/src/Illuminate/Database/Connection.php(812): Illuminate/Database/Connection->Illuminate/Database/{closure}('select exists (...', Array)
#11 C:/Users/vesot/Downloads/Telegram Desktop/ecommerce-laravel-v6-fixed/ecommerce-laravel-fixed/vendor/laravel/framework/src/Illuminate/Database/Connection.php(979): Illuminate/Database/Connection->runQueryCallback('select exists (...', Array, Object(Closure))
#12 C:/Users/vesot/Downloads/Telegram Desktop/ecommerce-laravel-v6-fixed/ecommerce-laravel-fixed/vendor/laravel/framework/src/Illuminate/Database/Connection.php(958): Illuminate/Database/Connection->tryAgainIfCausedByLostConnection(Object(Illuminate/Database/QueryException), 'select exists (...', Array, Object(Closure))
#13 C:/Users/vesot/Downloads/Telegram Desktop/ecommerce-laravel-v6-fixed/ecommerce-laravel-fixed/vendor/laravel/framework/src/Illuminate/Database/Connection.php(781): Illuminate/Database/Connection->handleQueryException(Object(Illuminate/Database/QueryException), 'select exists (...', Array, Object(Closure))
#14 C:/Users/vesot/Downloads/Telegram Desktop/ecommerce-laravel-v6-fixed/ecommerce-laravel-fixed/vendor/laravel/framework/src/Illuminate/Database/Connection.php(398): Illuminate/Database/Connection->run('select exists (...', Array, Object(Closure))
#15 C:/Users/vesot/Downloads/Telegram Desktop/ecommerce-laravel-v6-fixed/ecommerce-laravel-fixed/vendor/laravel/framework/src/Illuminate/Database/Connection.php(344): Illuminate/Database/Connection->select('select exists (...', Array, true)
#16 C:/Users/vesot/Downloads/Telegram Desktop/ecommerce-laravel-v6-fixed/ecommerce-laravel-fixed/vendor/laravel/framework/src/Illuminate/Database/Connection.php(361): Illuminate/Database/Connection->selectOne('select exists (...', Array, true)
#17 C:/Users/vesot/Downloads/Telegram Desktop/ecommerce-laravel-v6-fixed/ecommerce-laravel-fixed/vendor/laravel/framework/src/Illuminate/Database/Schema/MySqlBuilder.php(45): Illuminate/Database/Connection->scalar('select exists (...')
#18 C:/Users/vesot/Downloads/Telegram Desktop/ecommerce-laravel-v6-fixed/ecommerce-laravel-fixed/vendor/laravel/framework/src/Illuminate/Database/Migrations/DatabaseMigrationRepository.php(184): Illuminate/Database/Schema/MySqlBuilder->hasTable('migrations')
#19 C:/Users/vesot/Downloads/Telegram Desktop/ecommerce-laravel-v6-fixed/ecommerce-laravel-fixed/vendor/laravel/framework/src/Illuminate/Database/Migrations/Migrator.php(742): Illuminate/Database/Migrations/DatabaseMigrationRepository->repositoryExists()
#20 C:/Users/vesot/Downloads/Telegram Desktop/ecommerce-laravel-v6-fixed/ecommerce-laravel-fixed/vendor/laravel/framework/src/Illuminate/Database/Console/Migrations/MigrateCommand.php(165): Illuminate/Database/Migrations/Migrator->repositoryExists()
#21 C:/Users/vesot/Downloads/Telegram Desktop/ecommerce-laravel-v6-fixed/ecommerce-laravel-fixed/vendor/laravel/framework/src/Illuminate/Support/helpers.php(338): Illuminate/Database/Console/Migrations/MigrateCommand->Illuminate/Database/Console/Migrations/{closure}(1)
#22 C:/Users/vesot/Downloads/Telegram Desktop/ecommerce-laravel-v6-fixed/ecommerce-laravel-fixed/vendor/laravel/framework/src/Illuminate/Database/Console/Migrations/MigrateCommand.php(165): retry(1, Object(Closure), 0, Object(Closure))
#23 C:/Users/vesot/Downloads/Telegram Desktop/ecommerce-laravel-v6-fixed/ecommerce-laravel-fixed/vendor/laravel/framework/src/Illuminate/Database/Console/Migrations/MigrateCommand.php(141): Illuminate/Database/Console/Migrations/MigrateCommand->repositoryExists()
#24 C:/Users/vesot/Downloads/Telegram Desktop/ecommerce-laravel-v6-fixed/ecommerce-laravel-fixed/vendor/laravel/framework/src/Illuminate/Database/Console/Migrations/MigrateCommand.php(111): Illuminate/Database/Console/Migrations/MigrateCommand->prepareDatabase()
#25 C:/Users/vesot/Downloads/Telegram Desktop/ecommerce-laravel-v6-fixed/ecommerce-laravel-fixed/vendor/laravel/framework/src/Illuminate/Database/Migrations/Migrator.php(658): Illuminate/Database/Console/Migrations/MigrateCommand->Illuminate/Database/Console/Migrations/{closure}()
#26 C:/Users/vesot/Downloads/Telegram Desktop/ecommerce-laravel-v6-fixed/ecommerce-laravel-fixed/vendor/laravel/framework/src/Illuminate/Database/Console/Migrations/MigrateCommand.php(110): Illuminate/Database/Migrations/Migrator->usingConnection(NULL, Object(Closure))
#27 C:/Users/vesot/Downloads/Telegram Desktop/ecommerce-laravel-v6-fixed/ecommerce-laravel-fixed/vendor/laravel/framework/src/Illuminate/Database/Console/Migrations/MigrateCommand.php(89): Illuminate/Database/Console/Migrations/MigrateCommand->runMigrations()
#28 C:/Users/vesot/Downloads/Telegram Desktop/ecommerce-laravel-v6-fixed/ecommerce-laravel-fixed/vendor/laravel/framework/src/Illuminate/Container/BoundMethod.php(36): Illuminate/Database/Console/Migrations/MigrateCommand->handle()
#29 C:/Users/vesot/Downloads/Telegram Desktop/ecommerce-laravel-v6-fixed/ecommerce-laravel-fixed/vendor/laravel/framework/src/Illuminate/Container/Util.php(43): Illuminate/Container/BoundMethod::Illuminate/Container/{closure}()
#30 C:/Users/vesot/Downloads/Telegram Desktop/ecommerce-laravel-v6-fixed/ecommerce-laravel-fixed/vendor/laravel/framework/src/Illuminate/Container/BoundMethod.php(95): Illuminate/Container/Util::unwrapIfClosure(Object(Closure))
#31 C:/Users/vesot/Downloads/Telegram Desktop/ecommerce-laravel-v6-fixed/ecommerce-laravel-fixed/vendor/laravel/framework/src/Illuminate/Container/BoundMethod.php(35): Illuminate/Container/BoundMethod::callBoundMethod(Object(Illuminate/Foundation/Application), Array, Object(Closure))
#32 C:/Users/vesot/Downloads/Telegram Desktop/ecommerce-laravel-v6-fixed/ecommerce-laravel-fixed/vendor/laravel/framework/src/Illuminate/Container/Container.php(696): Illuminate/Container/BoundMethod::call(Object(Illuminate/Foundation/Application), Array, Array, NULL)
#33 C:/Users/vesot/Downloads/Telegram Desktop/ecommerce-laravel-v6-fixed/ecommerce-laravel-fixed/vendor/laravel/framework/src/Illuminate/Console/Command.php(213): Illuminate/Container/Container->call(Array)
#34 C:/Users/vesot/Downloads/Telegram Desktop/ecommerce-laravel-v6-fixed/ecommerce-laravel-fixed/vendor/symfony/console/Command/Command.php(341): Illuminate/Console/Command->execute(Object(Symfony/Component/Console/Input/ArgvInput), Object(Illuminate/Console/OutputStyle))
#35 C:/Users/vesot/Downloads/Telegram Desktop/ecommerce-laravel-v6-fixed/ecommerce-laravel-fixed/vendor/laravel/framework/src/Illuminate/Console/Command.php(182): Symfony/Component/Console/Command/Command->run(Object(Symfony/Component/Console/Input/ArgvInput), Object(Illuminate/Console/OutputStyle))
#36 C:/Users/vesot/Downloads/Telegram Desktop/ecommerce-laravel-v6-fixed/ecommerce-laravel-fixed/vendor/symfony/console/Application.php(1117): Illuminate/Console/Command->run(Object(Symfony/Component/Console/Input/ArgvInput), Object(Symfony/Component/Console/Output/ConsoleOutput))
#37 C:/Users/vesot/Downloads/Telegram Desktop/ecommerce-laravel-v6-fixed/ecommerce-laravel-fixed/vendor/symfony/console/Application.php(356): Symfony/Component/Console/Application->doRunCommand(Object(Illuminate/Database/Console/Migrations/MigrateCommand), Object(Symfony/Component/Console/Input/ArgvInput), Object(Symfony/Component/Console/Output/ConsoleOutput))
#38 C:/Users/vesot/Downloads/Telegram Desktop/ecommerce-laravel-v6-fixed/ecommerce-laravel-fixed/vendor/symfony/console/Application.php(195): Symfony/Component/Console/Application->doRun(Object(Symfony/Component/Console/Input/ArgvInput), Object(Symfony/Component/Console/Output/ConsoleOutput))
#39 C:/Users/vesot/Downloads/Telegram Desktop/ecommerce-laravel-v6-fixed/ecommerce-laravel-fixed/vendor/laravel/framework/src/Illuminate/Foundation/Console/Kernel.php(198): Symfony/Component/Console/Application->run(Object(Symfony/Component/Console/Input/ArgvInput), Object(Symfony/Component/Console/Output/ConsoleOutput))
#40 C:/Users/vesot/Downloads/Telegram Desktop/ecommerce-laravel-v6-fixed/ecommerce-laravel-fixed/vendor/laravel/framework/src/Illuminate/Foundation/Application.php(1235): Illuminate/Foundation/Console/Kernel->handle(Object(Symfony/Component/Console/Input/ArgvInput), Object(Symfony/Component/Console/Output/ConsoleOutput))
#41 C:/Users/vesot/Downloads/Telegram Desktop/ecommerce-laravel-v6-fixed/ecommerce-laravel-fixed/artisan(13): Illuminate/Foundation/Application->handleCommand(Object(Symfony/Component/Console/Input/ArgvInput))
#42 {main}
"} 
[2026-05-09 09:00:40] local.ERROR: There are no commands defined in the "migrate:" namespace.

Did you mean this?
    migrate {"exception":"[object] (Symfony\\Component\\Console\\Exception\\NamespaceNotFoundException(code: 0): There are no commands defined in the \"migrate:\" namespace.

Did you mean this?
    migrate at C:/Users/vesot/Downloads/Telegram Desktop/ecommerce-laravel-v6-fixed/ecommerce-laravel-fixed/vendor/symfony/console/Application.php:694)
[stacktrace]
#0 C:/Users/vesot/Downloads/Telegram Desktop/ecommerce-laravel-v6-fixed/ecommerce-laravel-fixed/vendor/symfony/console/Application.php(743): Symfony/Component/Console/Application->findNamespace('migrate:')
#1 C:/Users/vesot/Downloads/Telegram Desktop/ecommerce-laravel-v6-fixed/ecommerce-laravel-fixed/vendor/symfony/console/Application.php(298): Symfony/Component/Console/Application->find('migrate::fresh')
#2 C:/Users/vesot/Downloads/Telegram Desktop/ecommerce-laravel-v6-fixed/ecommerce-laravel-fixed/vendor/symfony/console/Application.php(195): Symfony/Component/Console/Application->doRun(Object(Symfony/Component/Console/Input/ArgvInput), Object(Symfony/Component/Console/Output/ConsoleOutput))
#3 C:/Users/vesot/Downloads/Telegram Desktop/ecommerce-laravel-v6-fixed/ecommerce-laravel-fixed/vendor/laravel/framework/src/Illuminate/Foundation/Console/Kernel.php(198): Symfony/Component/Console/Application->run(Object(Symfony/Component/Console/Input/ArgvInput), Object(Symfony/Component/Console/Output/ConsoleOutput))
#4 C:/Users/vesot/Downloads/Telegram Desktop/ecommerce-laravel-v6-fixed/ecommerce-laravel-fixed/vendor/laravel/framework/src/Illuminate/Foundation/Application.php(1235): Illuminate/Foundation/Console/Kernel->handle(Object(Symfony/Component/Console/Input/ArgvInput), Object(Symfony/Component/Console/Output/ConsoleOutput))
#5 C:/Users/vesot/Downloads/Telegram Desktop/ecommerce-laravel-v6-fixed/ecommerce-laravel-fixed/artisan(13): Illuminate/Foundation/Application->handleCommand(Object(Symfony/Component/Console/Input/ArgvInput))
#6 {main}
"} 
[2026-05-09 09:00:54] local.ERROR: SQLSTATE[HY000] [2002] No connection could be made because the target machine actively refused it (Connection: mysql, SQL: select exists (select 1 from information_schema.tables where table_schema = 'luxestore' and table_name = 'migrations' and table_type in ('BASE TABLE', 'SYSTEM VERSIONED')) as `exists`) {"exception":"[object] (Illuminate\\Database\\QueryException(code: 2002): SQLSTATE[HY000] [2002] No connection could be made because the target machine actively refused it (Connection: mysql, SQL: select exists (select 1 from information_schema.tables where table_schema = 'luxestore' and table_name = 'migrations' and table_type in ('BASE TABLE', 'SYSTEM VERSIONED')) as `exists`) at C:/Users/vesot/Downloads/Telegram Desktop/ecommerce-laravel-v6-fixed/ecommerce-laravel-fixed/vendor/laravel/framework/src/Illuminate/Database/Connection.php:825)
[stacktrace]
#0 C:/Users/vesot/Downloads/Telegram Desktop/ecommerce-laravel-v6-fixed/ecommerce-laravel-fixed/vendor/laravel/framework/src/Illuminate/Database/Connection.php(979): Illuminate/Database/Connection->runQueryCallback('select exists (...', Array, Object(Closure))
#1 C:/Users/vesot/Downloads/Telegram Desktop/ecommerce-laravel-v6-fixed/ecommerce-laravel-fixed/vendor/laravel/framework/src/Illuminate/Database/Connection.php(958): Illuminate/Database/Connection->tryAgainIfCausedByLostConnection(Object(Illuminate/Database/QueryException), 'select exists (...', Array, Object(Closure))
#2 C:/Users/vesot/Downloads/Telegram Desktop/ecommerce-laravel-v6-fixed/ecommerce-laravel-fixed/vendor/laravel/framework/src/Illuminate/Database/Connection.php(781): Illuminate/Database/Connection->handleQueryException(Object(Illuminate/Database/QueryException), 'select exists (...', Array, Object(Closure))
#3 C:/Users/vesot/Downloads/Telegram Desktop/ecommerce-laravel-v6-fixed/ecommerce-laravel-fixed/vendor/laravel/framework/src/Illuminate/Database/Connection.php(398): Illuminate/Database/Connection->run('select exists (...', Array, Object(Closure))
#4 C:/Users/vesot/Downloads/Telegram Desktop/ecommerce-laravel-v6-fixed/ecommerce-laravel-fixed/vendor/laravel/framework/src/Illuminate/Database/Connection.php(344): Illuminate/Database/Connection->select('select exists (...', Array, true)
#5 C:/Users/vesot/Downloads/Telegram Desktop/ecommerce-laravel-v6-fixed/ecommerce-laravel-fixed/vendor/laravel/framework/src/Illuminate/Database/Connection.php(361): Illuminate/Database/Connection->selectOne('select exists (...', Array, true)
#6 C:/Users/vesot/Downloads/Telegram Desktop/ecommerce-laravel-v6-fixed/ecommerce-laravel-fixed/vendor/laravel/framework/src/Illuminate/Database/Schema/MySqlBuilder.php(45): Illuminate/Database/Connection->scalar('select exists (...')
#7 C:/Users/vesot/Downloads/Telegram Desktop/ecommerce-laravel-v6-fixed/ecommerce-laravel-fixed/vendor/laravel/framework/src/Illuminate/Database/Migrations/DatabaseMigrationRepository.php(184): Illuminate/Database/Schema/MySqlBuilder->hasTable('migrations')
#8 C:/Users/vesot/Downloads/Telegram Desktop/ecommerce-laravel-v6-fixed/ecommerce-laravel-fixed/vendor/laravel/framework/src/Illuminate/Database/Migrations/Migrator.php(742): Illuminate/Database/Migrations/DatabaseMigrationRepository->repositoryExists()
#9 C:/Users/vesot/Downloads/Telegram Desktop/ecommerce-laravel-v6-fixed/ecommerce-laravel-fixed/vendor/laravel/framework/src/Illuminate/Database/Console/Migrations/FreshCommand.php(68): Illuminate/Database/Migrations/Migrator->repositoryExists()
#10 C:/Users/vesot/Downloads/Telegram Desktop/ecommerce-laravel-v6-fixed/ecommerce-laravel-fixed/vendor/laravel/framework/src/Illuminate/Database/Migrations/Migrator.php(658): Illuminate/Database/Console/Migrations/FreshCommand->Illuminate/Database/Console/Migrations/{closure}()
#11 C:/Users/vesot/Downloads/Telegram Desktop/ecommerce-laravel-v6-fixed/ecommerce-laravel-fixed/vendor/laravel/framework/src/Illuminate/Database/Console/Migrations/FreshCommand.php(67): Illuminate/Database/Migrations/Migrator->usingConnection(NULL, Object(Closure))
#12 C:/Users/vesot/Downloads/Telegram Desktop/ecommerce-laravel-v6-fixed/ecommerce-laravel-fixed/vendor/laravel/framework/src/Illuminate/Container/BoundMethod.php(36): Illuminate/Database/Console/Migrations/FreshCommand->handle()
#13 C:/Users/vesot/Downloads/Telegram Desktop/ecommerce-laravel-v6-fixed/ecommerce-laravel-fixed/vendor/laravel/framework/src/Illuminate/Container/Util.php(43): Illuminate/Container/BoundMethod::Illuminate/Container/{closure}()
#14 C:/Users/vesot/Downloads/Telegram Desktop/ecommerce-laravel-v6-fixed/ecommerce-laravel-fixed/vendor/laravel/framework/src/Illuminate/Container/BoundMethod.php(95): Illuminate/Container/Util::unwrapIfClosure(Object(Closure))
#15 C:/Users/vesot/Downloads/Telegram Desktop/ecommerce-laravel-v6-fixed/ecommerce-laravel-fixed/vendor/laravel/framework/src/Illuminate/Container/BoundMethod.php(35): Illuminate/Container/BoundMethod::callBoundMethod(Object(Illuminate/Foundation/Application), Array, Object(Closure))
#16 C:/Users/vesot/Downloads/Telegram Desktop/ecommerce-laravel-v6-fixed/ecommerce-laravel-fixed/vendor/laravel/framework/src/Illuminate/Container/Container.php(696): Illuminate/Container/BoundMethod::call(Object(Illuminate/Foundation/Application), Array, Array, NULL)
#17 C:/Users/vesot/Downloads/Telegram Desktop/ecommerce-laravel-v6-fixed/ecommerce-laravel-fixed/vendor/laravel/framework/src/Illuminate/Console/Command.php(213): Illuminate/Container/Container->call(Array)
#18 C:/Users/vesot/Downloads/Telegram Desktop/ecommerce-laravel-v6-fixed/ecommerce-laravel-fixed/vendor/symfony/console/Command/Command.php(341): Illuminate/Console/Command->execute(Object(Symfony/Component/Console/Input/ArgvInput), Object(Illuminate/Console/OutputStyle))
#19 C:/Users/vesot/Downloads/Telegram Desktop/ecommerce-laravel-v6-fixed/ecommerce-laravel-fixed/vendor/laravel/framework/src/Illuminate/Console/Command.php(182): Symfony/Component/Console/Command/Command->run(Object(Symfony/Component/Console/Input/ArgvInput), Object(Illuminate/Console/OutputStyle))
#20 C:/Users/vesot/Downloads/Telegram Desktop/ecommerce-laravel-v6-fixed/ecommerce-laravel-fixed/vendor/symfony/console/Application.php(1117): Illuminate/Console/Command->run(Object(Symfony/Component/Console/Input/ArgvInput), Object(Symfony/Component/Console/Output/ConsoleOutput))
#21 C:/Users/vesot/Downloads/Telegram Desktop/ecommerce-laravel-v6-fixed/ecommerce-laravel-fixed/vendor/symfony/console/Application.php(356): Symfony/Component/Console/Application->doRunCommand(Object(Illuminate/Database/Console/Migrations/FreshCommand), Object(Symfony/Component/Console/Input/ArgvInput), Object(Symfony/Component/Console/Output/ConsoleOutput))
#22 C:/Users/vesot/Downloads/Telegram Desktop/ecommerce-laravel-v6-fixed/ecommerce-laravel-fixed/vendor/symfony/console/Application.php(195): Symfony/Component/Console/Application->doRun(Object(Symfony/Component/Console/Input/ArgvInput), Object(Symfony/Component/Console/Output/ConsoleOutput))
#23 C:/Users/vesot/Downloads/Telegram Desktop/ecommerce-laravel-v6-fixed/ecommerce-laravel-fixed/vendor/laravel/framework/src/Illuminate/Foundation/Console/Kernel.php(198): Symfony/Component/Console/Application->run(Object(Symfony/Component/Console/Input/ArgvInput), Object(Symfony/Component/Console/Output/ConsoleOutput))
#24 C:/Users/vesot/Downloads/Telegram Desktop/ecommerce-laravel-v6-fixed/ecommerce-laravel-fixed/vendor/laravel/framework/src/Illuminate/Foundation/Application.php(1235): Illuminate/Foundation/Console/Kernel->handle(Object(Symfony/Component/Console/Input/ArgvInput), Object(Symfony/Component/Console/Output/ConsoleOutput))
#25 C:/Users/vesot/Downloads/Telegram Desktop/ecommerce-laravel-v6-fixed/ecommerce-laravel-fixed/artisan(13): Illuminate/Foundation/Application->handleCommand(Object(Symfony/Component/Console/Input/ArgvInput))
#26 {main}

[previous exception] [object] (PDOException(code: 2002): SQLSTATE[HY000] [2002] No connection could be made because the target machine actively refused it at C:/Users/vesot/Downloads/Telegram Desktop/ecommerce-laravel-v6-fixed/ecommerce-laravel-fixed/vendor/laravel/framework/src/Illuminate/Database/Connectors/Connector.php:66)
[stacktrace]
#0 C:/Users/vesot/Downloads/Telegram Desktop/ecommerce-laravel-v6-fixed/ecommerce-laravel-fixed/vendor/laravel/framework/src/Illuminate/Database/Connectors/Connector.php(66): PDO->__construct('mysql:host=127....', 'root', Object(SensitiveParameterValue), Array)
#1 C:/Users/vesot/Downloads/Telegram Desktop/ecommerce-laravel-v6-fixed/ecommerce-laravel-fixed/vendor/laravel/framework/src/Illuminate/Database/Connectors/Connector.php(85): Illuminate/Database/Connectors/Connector->createPdoConnection('mysql:host=127....', 'root', Object(SensitiveParameterValue), Array)
#2 C:/Users/vesot/Downloads/Telegram Desktop/ecommerce-laravel-v6-fixed/ecommerce-laravel-fixed/vendor/laravel/framework/src/Illuminate/Database/Connectors/Connector.php(48): Illuminate/Database/Connectors/Connector->tryAgainIfCausedByLostConnection(Object(PDOException), 'mysql:host=127....', 'root', Object(SensitiveParameterValue), Array)
#3 C:/Users/vesot/Downloads/Telegram Desktop/ecommerce-laravel-v6-fixed/ecommerce-laravel-fixed/vendor/laravel/framework/src/Illuminate/Database/Connectors/MySqlConnector.php(24): Illuminate/Database/Connectors/Connector->createConnection('mysql:host=127....', Array, Array)
#4 C:/Users/vesot/Downloads/Telegram Desktop/ecommerce-laravel-v6-fixed/ecommerce-laravel-fixed/vendor/laravel/framework/src/Illuminate/Database/Connectors/ConnectionFactory.php(185): Illuminate/Database/Connectors/MySqlConnector->connect(Array)
#5 [internal function]: Illuminate/Database/Connectors/ConnectionFactory->Illuminate/Database/Connectors/{closure}()
#6 C:/Users/vesot/Downloads/Telegram Desktop/ecommerce-laravel-v6-fixed/ecommerce-laravel-fixed/vendor/laravel/framework/src/Illuminate/Database/Connection.php(1231): call_user_func(Object(Closure))
#7 C:/Users/vesot/Downloads/Telegram Desktop/ecommerce-laravel-v6-fixed/ecommerce-laravel-fixed/vendor/laravel/framework/src/Illuminate/Database/Connection.php(1267): Illuminate/Database/Connection->getPdo()
#8 C:/Users/vesot/Downloads/Telegram Desktop/ecommerce-laravel-v6-fixed/ecommerce-laravel-fixed/vendor/laravel/framework/src/Illuminate/Database/Connection.php(512): Illuminate/Database/Connection->getReadPdo()
#9 C:/Users/vesot/Downloads/Telegram Desktop/ecommerce-laravel-v6-fixed/ecommerce-laravel-fixed/vendor/laravel/framework/src/Illuminate/Database/Connection.php(407): Illuminate/Database/Connection->getPdoForSelect(true)
#10 C:/Users/vesot/Downloads/Telegram Desktop/ecommerce-laravel-v6-fixed/ecommerce-laravel-fixed/vendor/laravel/framework/src/Illuminate/Database/Connection.php(812): Illuminate/Database/Connection->Illuminate/Database/{closure}('select exists (...', Array)
#11 C:/Users/vesot/Downloads/Telegram Desktop/ecommerce-laravel-v6-fixed/ecommerce-laravel-fixed/vendor/laravel/framework/src/Illuminate/Database/Connection.php(979): Illuminate/Database/Connection->runQueryCallback('select exists (...', Array, Object(Closure))
#12 C:/Users/vesot/Downloads/Telegram Desktop/ecommerce-laravel-v6-fixed/ecommerce-laravel-fixed/vendor/laravel/framework/src/Illuminate/Database/Connection.php(958): Illuminate/Database/Connection->tryAgainIfCausedByLostConnection(Object(Illuminate/Database/QueryException), 'select exists (...', Array, Object(Closure))
#13 C:/Users/vesot/Downloads/Telegram Desktop/ecommerce-laravel-v6-fixed/ecommerce-laravel-fixed/vendor/laravel/framework/src/Illuminate/Database/Connection.php(781): Illuminate/Database/Connection->handleQueryException(Object(Illuminate/Database/QueryException), 'select exists (...', Array, Object(Closure))
#14 C:/Users/vesot/Downloads/Telegram Desktop/ecommerce-laravel-v6-fixed/ecommerce-laravel-fixed/vendor/laravel/framework/src/Illuminate/Database/Connection.php(398): Illuminate/Database/Connection->run('select exists (...', Array, Object(Closure))
#15 C:/Users/vesot/Downloads/Telegram Desktop/ecommerce-laravel-v6-fixed/ecommerce-laravel-fixed/vendor/laravel/framework/src/Illuminate/Database/Connection.php(344): Illuminate/Database/Connection->select('select exists (...', Array, true)
#16 C:/Users/vesot/Downloads/Telegram Desktop/ecommerce-laravel-v6-fixed/ecommerce-laravel-fixed/vendor/laravel/framework/src/Illuminate/Database/Connection.php(361): Illuminate/Database/Connection->selectOne('select exists (...', Array, true)
#17 C:/Users/vesot/Downloads/Telegram Desktop/ecommerce-laravel-v6-fixed/ecommerce-laravel-fixed/vendor/laravel/framework/src/Illuminate/Database/Schema/MySqlBuilder.php(45): Illuminate/Database/Connection->scalar('select exists (...')
#18 C:/Users/vesot/Downloads/Telegram Desktop/ecommerce-laravel-v6-fixed/ecommerce-laravel-fixed/vendor/laravel/framework/src/Illuminate/Database/Migrations/DatabaseMigrationRepository.php(184): Illuminate/Database/Schema/MySqlBuilder->hasTable('migrations')
#19 C:/Users/vesot/Downloads/Telegram Desktop/ecommerce-laravel-v6-fixed/ecommerce-laravel-fixed/vendor/laravel/framework/src/Illuminate/Database/Migrations/Migrator.php(742): Illuminate/Database/Migrations/DatabaseMigrationRepository->repositoryExists()
#20 C:/Users/vesot/Downloads/Telegram Desktop/ecommerce-laravel-v6-fixed/ecommerce-laravel-fixed/vendor/laravel/framework/src/Illuminate/Database/Console/Migrations/FreshCommand.php(68): Illuminate/Database/Migrations/Migrator->repositoryExists()
#21 C:/Users/vesot/Downloads/Telegram Desktop/ecommerce-laravel-v6-fixed/ecommerce-laravel-fixed/vendor/laravel/framework/src/Illuminate/Database/Migrations/Migrator.php(658): Illuminate/Database/Console/Migrations/FreshCommand->Illuminate/Database/Console/Migrations/{closure}()
#22 C:/Users/vesot/Downloads/Telegram Desktop/ecommerce-laravel-v6-fixed/ecommerce-laravel-fixed/vendor/laravel/framework/src/Illuminate/Database/Console/Migrations/FreshCommand.php(67): Illuminate/Database/Migrations/Migrator->usingConnection(NULL, Object(Closure))
#23 C:/Users/vesot/Downloads/Telegram Desktop/ecommerce-laravel-v6-fixed/ecommerce-laravel-fixed/vendor/laravel/framework/src/Illuminate/Container/BoundMethod.php(36): Illuminate/Database/Console/Migrations/FreshCommand->handle()
#24 C:/Users/vesot/Downloads/Telegram Desktop/ecommerce-laravel-v6-fixed/ecommerce-laravel-fixed/vendor/laravel/framework/src/Illuminate/Container/Util.php(43): Illuminate/Container/BoundMethod::Illuminate/Container/{closure}()
#25 C:/Users/vesot/Downloads/Telegram Desktop/ecommerce-laravel-v6-fixed/ecommerce-laravel-fixed/vendor/laravel/framework/src/Illuminate/Container/BoundMethod.php(95): Illuminate/Container/Util::unwrapIfClosure(Object(Closure))
#26 C:/Users/vesot/Downloads/Telegram Desktop/ecommerce-laravel-v6-fixed/ecommerce-laravel-fixed/vendor/laravel/framework/src/Illuminate/Container/BoundMethod.php(35): Illuminate/Container/BoundMethod::callBoundMethod(Object(Illuminate/Foundation/Application), Array, Object(Closure))
#27 C:/Users/vesot/Downloads/Telegram Desktop/ecommerce-laravel-v6-fixed/ecommerce-laravel-fixed/vendor/laravel/framework/src/Illuminate/Container/Container.php(696): Illuminate/Container/BoundMethod::call(Object(Illuminate/Foundation/Application), Array, Array, NULL)
#28 C:/Users/vesot/Downloads/Telegram Desktop/ecommerce-laravel-v6-fixed/ecommerce-laravel-fixed/vendor/laravel/framework/src/Illuminate/Console/Command.php(213): Illuminate/Container/Container->call(Array)
#29 C:/Users/vesot/Downloads/Telegram Desktop/ecommerce-laravel-v6-fixed/ecommerce-laravel-fixed/vendor/symfony/console/Command/Command.php(341): Illuminate/Console/Command->execute(Object(Symfony/Component/Console/Input/ArgvInput), Object(Illuminate/Console/OutputStyle))
#30 C:/Users/vesot/Downloads/Telegram Desktop/ecommerce-laravel-v6-fixed/ecommerce-laravel-fixed/vendor/laravel/framework/src/Illuminate/Console/Command.php(182): Symfony/Component/Console/Command/Command->run(Object(Symfony/Component/Console/Input/ArgvInput), Object(Illuminate/Console/OutputStyle))
#31 C:/Users/vesot/Downloads/Telegram Desktop/ecommerce-laravel-v6-fixed/ecommerce-laravel-fixed/vendor/symfony/console/Application.php(1117): Illuminate/Console/Command->run(Object(Symfony/Component/Console/Input/ArgvInput), Object(Symfony/Component/Console/Output/ConsoleOutput))
#32 C:/Users/vesot/Downloads/Telegram Desktop/ecommerce-laravel-v6-fixed/ecommerce-laravel-fixed/vendor/symfony/console/Application.php(356): Symfony/Component/Console/Application->doRunCommand(Object(Illuminate/Database/Console/Migrations/FreshCommand), Object(Symfony/Component/Console/Input/ArgvInput), Object(Symfony/Component/Console/Output/ConsoleOutput))
#33 C:/Users/vesot/Downloads/Telegram Desktop/ecommerce-laravel-v6-fixed/ecommerce-laravel-fixed/vendor/symfony/console/Application.php(195): Symfony/Component/Console/Application->doRun(Object(Symfony/Component/Console/Input/ArgvInput), Object(Symfony/Component/Console/Output/ConsoleOutput))
#34 C:/Users/vesot/Downloads/Telegram Desktop/ecommerce-laravel-v6-fixed/ecommerce-laravel-fixed/vendor/laravel/framework/src/Illuminate/Foundation/Console/Kernel.php(198): Symfony/Component/Console/Application->run(Object(Symfony/Component/Console/Input/ArgvInput), Object(Symfony/Component/Console/Output/ConsoleOutput))
#35 C:/Users/vesot/Downloads/Telegram Desktop/ecommerce-laravel-v6-fixed/ecommerce-laravel-fixed/vendor/laravel/framework/src/Illuminate/Foundation/Application.php(1235): Illuminate/Foundation/Console/Kernel->handle(Object(Symfony/Component/Console/Input/ArgvInput), Object(Symfony/Component/Console/Output/ConsoleOutput))
#36 C:/Users/vesot/Downloads/Telegram Desktop/ecommerce-laravel-v6-fixed/ecommerce-laravel-fixed/artisan(13): Illuminate/Foundation/Application->handleCommand(Object(Symfony/Component/Console/Input/ArgvInput))
#37 {main}
"} 
[2026-05-09 09:01:13] local.ERROR: SQLSTATE[HY000] [2002] No connection could be made because the target machine actively refused it (Connection: mysql, SQL: select exists (select 1 from information_schema.tables where table_schema = 'luxestore' and table_name = 'migrations' and table_type in ('BASE TABLE', 'SYSTEM VERSIONED')) as `exists`) {"exception":"[object] (Illuminate\\Database\\QueryException(code: 2002): SQLSTATE[HY000] [2002] No connection could be made because the target machine actively refused it (Connection: mysql, SQL: select exists (select 1 from information_schema.tables where table_schema = 'luxestore' and table_name = 'migrations' and table_type in ('BASE TABLE', 'SYSTEM VERSIONED')) as `exists`) at C:/Users/vesot/Downloads/Telegram Desktop/ecommerce-laravel-v6-fixed/ecommerce-laravel-fixed/vendor/laravel/framework/src/Illuminate/Database/Connection.php:825)
[stacktrace]
#0 C:/Users/vesot/Downloads/Telegram Desktop/ecommerce-laravel-v6-fixed/ecommerce-laravel-fixed/vendor/laravel/framework/src/Illuminate/Database/Connection.php(979): Illuminate/Database/Connection->runQueryCallback('select exists (...', Array, Object(Closure))
#1 C:/Users/vesot/Downloads/Telegram Desktop/ecommerce-laravel-v6-fixed/ecommerce-laravel-fixed/vendor/laravel/framework/src/Illuminate/Database/Connection.php(958): Illuminate/Database/Connection->tryAgainIfCausedByLostConnection(Object(Illuminate/Database/QueryException), 'select exists (...', Array, Object(Closure))
#2 C:/Users/vesot/Downloads/Telegram Desktop/ecommerce-laravel-v6-fixed/ecommerce-laravel-fixed/vendor/laravel/framework/src/Illuminate/Database/Connection.php(781): Illuminate/Database/Connection->handleQueryException(Object(Illuminate/Database/QueryException), 'select exists (...', Array, Object(Closure))
#3 C:/Users/vesot/Downloads/Telegram Desktop/ecommerce-laravel-v6-fixed/ecommerce-laravel-fixed/vendor/laravel/framework/src/Illuminate/Database/Connection.php(398): Illuminate/Database/Connection->run('select exists (...', Array, Object(Closure))
#4 C:/Users/vesot/Downloads/Telegram Desktop/ecommerce-laravel-v6-fixed/ecommerce-laravel-fixed/vendor/laravel/framework/src/Illuminate/Database/Connection.php(344): Illuminate/Database/Connection->select('select exists (...', Array, true)
#5 C:/Users/vesot/Downloads/Telegram Desktop/ecommerce-laravel-v6-fixed/ecommerce-laravel-fixed/vendor/laravel/framework/src/Illuminate/Database/Connection.php(361): Illuminate/Database/Connection->selectOne('select exists (...', Array, true)
#6 C:/Users/vesot/Downloads/Telegram Desktop/ecommerce-laravel-v6-fixed/ecommerce-laravel-fixed/vendor/laravel/framework/src/Illuminate/Database/Schema/MySqlBuilder.php(45): Illuminate/Database/Connection->scalar('select exists (...')
#7 C:/Users/vesot/Downloads/Telegram Desktop/ecommerce-laravel-v6-fixed/ecommerce-laravel-fixed/vendor/laravel/framework/src/Illuminate/Database/Migrations/DatabaseMigrationRepository.php(184): Illuminate/Database/Schema/MySqlBuilder->hasTable('migrations')
#8 C:/Users/vesot/Downloads/Telegram Desktop/ecommerce-laravel-v6-fixed/ecommerce-laravel-fixed/vendor/laravel/framework/src/Illuminate/Database/Migrations/Migrator.php(742): Illuminate/Database/Migrations/DatabaseMigrationRepository->repositoryExists()
#9 C:/Users/vesot/Downloads/Telegram Desktop/ecommerce-laravel-v6-fixed/ecommerce-laravel-fixed/vendor/laravel/framework/src/Illuminate/Database/Console/Migrations/FreshCommand.php(68): Illuminate/Database/Migrations/Migrator->repositoryExists()
#10 C:/Users/vesot/Downloads/Telegram Desktop/ecommerce-laravel-v6-fixed/ecommerce-laravel-fixed/vendor/laravel/framework/src/Illuminate/Database/Migrations/Migrator.php(658): Illuminate/Database/Console/Migrations/FreshCommand->Illuminate/Database/Console/Migrations/{closure}()
#11 C:/Users/vesot/Downloads/Telegram Desktop/ecommerce-laravel-v6-fixed/ecommerce-laravel-fixed/vendor/laravel/framework/src/Illuminate/Database/Console/Migrations/FreshCommand.php(67): Illuminate/Database/Migrations/Migrator->usingConnection(NULL, Object(Closure))
#12 C:/Users/vesot/Downloads/Telegram Desktop/ecommerce-laravel-v6-fixed/ecommerce-laravel-fixed/vendor/laravel/framework/src/Illuminate/Container/BoundMethod.php(36): Illuminate/Database/Console/Migrations/FreshCommand->handle()
#13 C:/Users/vesot/Downloads/Telegram Desktop/ecommerce-laravel-v6-fixed/ecommerce-laravel-fixed/vendor/laravel/framework/src/Illuminate/Container/Util.php(43): Illuminate/Container/BoundMethod::Illuminate/Container/{closure}()
#14 C:/Users/vesot/Downloads/Telegram Desktop/ecommerce-laravel-v6-fixed/ecommerce-laravel-fixed/vendor/laravel/framework/src/Illuminate/Container/BoundMethod.php(95): Illuminate/Container/Util::unwrapIfClosure(Object(Closure))
#15 C:/Users/vesot/Downloads/Telegram Desktop/ecommerce-laravel-v6-fixed/ecommerce-laravel-fixed/vendor/laravel/framework/src/Illuminate/Container/BoundMethod.php(35): Illuminate/Container/BoundMethod::callBoundMethod(Object(Illuminate/Foundation/Application), Array, Object(Closure))
#16 C:/Users/vesot/Downloads/Telegram Desktop/ecommerce-laravel-v6-fixed/ecommerce-laravel-fixed/vendor/laravel/framework/src/Illuminate/Container/Container.php(696): Illuminate/Container/BoundMethod::call(Object(Illuminate/Foundation/Application), Array, Array, NULL)
#17 C:/Users/vesot/Downloads/Telegram Desktop/ecommerce-laravel-v6-fixed/ecommerce-laravel-fixed/vendor/laravel/framework/src/Illuminate/Console/Command.php(213): Illuminate/Container/Container->call(Array)
#18 C:/Users/vesot/Downloads/Telegram Desktop/ecommerce-laravel-v6-fixed/ecommerce-laravel-fixed/vendor/symfony/console/Command/Command.php(341): Illuminate/Console/Command->execute(Object(Symfony/Component/Console/Input/ArgvInput), Object(Illuminate/Console/OutputStyle))
#19 C:/Users/vesot/Downloads/Telegram Desktop/ecommerce-laravel-v6-fixed/ecommerce-laravel-fixed/vendor/laravel/framework/src/Illuminate/Console/Command.php(182): Symfony/Component/Console/Command/Command->run(Object(Symfony/Component/Console/Input/ArgvInput), Object(Illuminate/Console/OutputStyle))
#20 C:/Users/vesot/Downloads/Telegram Desktop/ecommerce-laravel-v6-fixed/ecommerce-laravel-fixed/vendor/symfony/console/Application.php(1117): Illuminate/Console/Command->run(Object(Symfony/Component/Console/Input/ArgvInput), Object(Symfony/Component/Console/Output/ConsoleOutput))
#21 C:/Users/vesot/Downloads/Telegram Desktop/ecommerce-laravel-v6-fixed/ecommerce-laravel-fixed/vendor/symfony/console/Application.php(356): Symfony/Component/Console/Application->doRunCommand(Object(Illuminate/Database/Console/Migrations/FreshCommand), Object(Symfony/Component/Console/Input/ArgvInput), Object(Symfony/Component/Console/Output/ConsoleOutput))
#22 C:/Users/vesot/Downloads/Telegram Desktop/ecommerce-laravel-v6-fixed/ecommerce-laravel-fixed/vendor/symfony/console/Application.php(195): Symfony/Component/Console/Application->doRun(Object(Symfony/Component/Console/Input/ArgvInput), Object(Symfony/Component/Console/Output/ConsoleOutput))
#23 C:/Users/vesot/Downloads/Telegram Desktop/ecommerce-laravel-v6-fixed/ecommerce-laravel-fixed/vendor/laravel/framework/src/Illuminate/Foundation/Console/Kernel.php(198): Symfony/Component/Console/Application->run(Object(Symfony/Component/Console/Input/ArgvInput), Object(Symfony/Component/Console/Output/ConsoleOutput))
#24 C:/Users/vesot/Downloads/Telegram Desktop/ecommerce-laravel-v6-fixed/ecommerce-laravel-fixed/vendor/laravel/framework/src/Illuminate/Foundation/Application.php(1235): Illuminate/Foundation/Console/Kernel->handle(Object(Symfony/Component/Console/Input/ArgvInput), Object(Symfony/Component/Console/Output/ConsoleOutput))
#25 C:/Users/vesot/Downloads/Telegram Desktop/ecommerce-laravel-v6-fixed/ecommerce-laravel-fixed/artisan(13): Illuminate/Foundation/Application->handleCommand(Object(Symfony/Component/Console/Input/ArgvInput))
#26 {main}

[previous exception] [object] (PDOException(code: 2002): SQLSTATE[HY000] [2002] No connection could be made because the target machine actively refused it at C:/Users/vesot/Downloads/Telegram Desktop/ecommerce-laravel-v6-fixed/ecommerce-laravel-fixed/vendor/laravel/framework/src/Illuminate/Database/Connectors/Connector.php:66)
[stacktrace]
#0 C:/Users/vesot/Downloads/Telegram Desktop/ecommerce-laravel-v6-fixed/ecommerce-laravel-fixed/vendor/laravel/framework/src/Illuminate/Database/Connectors/Connector.php(66): PDO->__construct('mysql:host=127....', 'root', Object(SensitiveParameterValue), Array)
#1 C:/Users/vesot/Downloads/Telegram Desktop/ecommerce-laravel-v6-fixed/ecommerce-laravel-fixed/vendor/laravel/framework/src/Illuminate/Database/Connectors/Connector.php(85): Illuminate/Database/Connectors/Connector->createPdoConnection('mysql:host=127....', 'root', Object(SensitiveParameterValue), Array)
#2 C:/Users/vesot/Downloads/Telegram Desktop/ecommerce-laravel-v6-fixed/ecommerce-laravel-fixed/vendor/laravel/framework/src/Illuminate/Database/Connectors/Connector.php(48): Illuminate/Database/Connectors/Connector->tryAgainIfCausedByLostConnection(Object(PDOException), 'mysql:host=127....', 'root', Object(SensitiveParameterValue), Array)
#3 C:/Users/vesot/Downloads/Telegram Desktop/ecommerce-laravel-v6-fixed/ecommerce-laravel-fixed/vendor/laravel/framework/src/Illuminate/Database/Connectors/MySqlConnector.php(24): Illuminate/Database/Connectors/Connector->createConnection('mysql:host=127....', Array, Array)
#4 C:/Users/vesot/Downloads/Telegram Desktop/ecommerce-laravel-v6-fixed/ecommerce-laravel-fixed/vendor/laravel/framework/src/Illuminate/Database/Connectors/ConnectionFactory.php(185): Illuminate/Database/Connectors/MySqlConnector->connect(Array)
#5 [internal function]: Illuminate/Database/Connectors/ConnectionFactory->Illuminate/Database/Connectors/{closure}()
#6 C:/Users/vesot/Downloads/Telegram Desktop/ecommerce-laravel-v6-fixed/ecommerce-laravel-fixed/vendor/laravel/framework/src/Illuminate/Database/Connection.php(1231): call_user_func(Object(Closure))
#7 C:/Users/vesot/Downloads/Telegram Desktop/ecommerce-laravel-v6-fixed/ecommerce-laravel-fixed/vendor/laravel/framework/src/Illuminate/Database/Connection.php(1267): Illuminate/Database/Connection->getPdo()
#8 C:/Users/vesot/Downloads/Telegram Desktop/ecommerce-laravel-v6-fixed/ecommerce-laravel-fixed/vendor/laravel/framework/src/Illuminate/Database/Connection.php(512): Illuminate/Database/Connection->getReadPdo()
#9 C:/Users/vesot/Downloads/Telegram Desktop/ecommerce-laravel-v6-fixed/ecommerce-laravel-fixed/vendor/laravel/framework/src/Illuminate/Database/Connection.php(407): Illuminate/Database/Connection->getPdoForSelect(true)
#10 C:/Users/vesot/Downloads/Telegram Desktop/ecommerce-laravel-v6-fixed/ecommerce-laravel-fixed/vendor/laravel/framework/src/Illuminate/Database/Connection.php(812): Illuminate/Database/Connection->Illuminate/Database/{closure}('select exists (...', Array)
#11 C:/Users/vesot/Downloads/Telegram Desktop/ecommerce-laravel-v6-fixed/ecommerce-laravel-fixed/vendor/laravel/framework/src/Illuminate/Database/Connection.php(979): Illuminate/Database/Connection->runQueryCallback('select exists (...', Array, Object(Closure))
#12 C:/Users/vesot/Downloads/Telegram Desktop/ecommerce-laravel-v6-fixed/ecommerce-laravel-fixed/vendor/laravel/framework/src/Illuminate/Database/Connection.php(958): Illuminate/Database/Connection->tryAgainIfCausedByLostConnection(Object(Illuminate/Database/QueryException), 'select exists (...', Array, Object(Closure))
#13 C:/Users/vesot/Downloads/Telegram Desktop/ecommerce-laravel-v6-fixed/ecommerce-laravel-fixed/vendor/laravel/framework/src/Illuminate/Database/Connection.php(781): Illuminate/Database/Connection->handleQueryException(Object(Illuminate/Database/QueryException), 'select exists (...', Array, Object(Closure))
#14 C:/Users/vesot/Downloads/Telegram Desktop/ecommerce-laravel-v6-fixed/ecommerce-laravel-fixed/vendor/laravel/framework/src/Illuminate/Database/Connection.php(398): Illuminate/Database/Connection->run('select exists (...', Array, Object(Closure))
#15 C:/Users/vesot/Downloads/Telegram Desktop/ecommerce-laravel-v6-fixed/ecommerce-laravel-fixed/vendor/laravel/framework/src/Illuminate/Database/Connection.php(344): Illuminate/Database/Connection->select('select exists (...', Array, true)
#16 C:/Users/vesot/Downloads/Telegram Desktop/ecommerce-laravel-v6-fixed/ecommerce-laravel-fixed/vendor/laravel/framework/src/Illuminate/Database/Connection.php(361): Illuminate/Database/Connection->selectOne('select exists (...', Array, true)
#17 C:/Users/vesot/Downloads/Telegram Desktop/ecommerce-laravel-v6-fixed/ecommerce-laravel-fixed/vendor/laravel/framework/src/Illuminate/Database/Schema/MySqlBuilder.php(45): Illuminate/Database/Connection->scalar('select exists (...')
#18 C:/Users/vesot/Downloads/Telegram Desktop/ecommerce-laravel-v6-fixed/ecommerce-laravel-fixed/vendor/laravel/framework/src/Illuminate/Database/Migrations/DatabaseMigrationRepository.php(184): Illuminate/Database/Schema/MySqlBuilder->hasTable('migrations')
#19 C:/Users/vesot/Downloads/Telegram Desktop/ecommerce-laravel-v6-fixed/ecommerce-laravel-fixed/vendor/laravel/framework/src/Illuminate/Database/Migrations/Migrator.php(742): Illuminate/Database/Migrations/DatabaseMigrationRepository->repositoryExists()
#20 C:/Users/vesot/Downloads/Telegram Desktop/ecommerce-laravel-v6-fixed/ecommerce-laravel-fixed/vendor/laravel/framework/src/Illuminate/Database/Console/Migrations/FreshCommand.php(68): Illuminate/Database/Migrations/Migrator->repositoryExists()
#21 C:/Users/vesot/Downloads/Telegram Desktop/ecommerce-laravel-v6-fixed/ecommerce-laravel-fixed/vendor/laravel/framework/src/Illuminate/Database/Migrations/Migrator.php(658): Illuminate/Database/Console/Migrations/FreshCommand->Illuminate/Database/Console/Migrations/{closure}()
#22 C:/Users/vesot/Downloads/Telegram Desktop/ecommerce-laravel-v6-fixed/ecommerce-laravel-fixed/vendor/laravel/framework/src/Illuminate/Database/Console/Migrations/FreshCommand.php(67): Illuminate/Database/Migrations/Migrator->usingConnection(NULL, Object(Closure))
#23 C:/Users/vesot/Downloads/Telegram Desktop/ecommerce-laravel-v6-fixed/ecommerce-laravel-fixed/vendor/laravel/framework/src/Illuminate/Container/BoundMethod.php(36): Illuminate/Database/Console/Migrations/FreshCommand->handle()
#24 C:/Users/vesot/Downloads/Telegram Desktop/ecommerce-laravel-v6-fixed/ecommerce-laravel-fixed/vendor/laravel/framework/src/Illuminate/Container/Util.php(43): Illuminate/Container/BoundMethod::Illuminate/Container/{closure}()
#25 C:/Users/vesot/Downloads/Telegram Desktop/ecommerce-laravel-v6-fixed/ecommerce-laravel-fixed/vendor/laravel/framework/src/Illuminate/Container/BoundMethod.php(95): Illuminate/Container/Util::unwrapIfClosure(Object(Closure))
#26 C:/Users/vesot/Downloads/Telegram Desktop/ecommerce-laravel-v6-fixed/ecommerce-laravel-fixed/vendor/laravel/framework/src/Illuminate/Container/BoundMethod.php(35): Illuminate/Container/BoundMethod::callBoundMethod(Object(Illuminate/Foundation/Application), Array, Object(Closure))
#27 C:/Users/vesot/Downloads/Telegram Desktop/ecommerce-laravel-v6-fixed/ecommerce-laravel-fixed/vendor/laravel/framework/src/Illuminate/Container/Container.php(696): Illuminate/Container/BoundMethod::call(Object(Illuminate/Foundation/Application), Array, Array, NULL)
#28 C:/Users/vesot/Downloads/Telegram Desktop/ecommerce-laravel-v6-fixed/ecommerce-laravel-fixed/vendor/laravel/framework/src/Illuminate/Console/Command.php(213): Illuminate/Container/Container->call(Array)
#29 C:/Users/vesot/Downloads/Telegram Desktop/ecommerce-laravel-v6-fixed/ecommerce-laravel-fixed/vendor/symfony/console/Command/Command.php(341): Illuminate/Console/Command->execute(Object(Symfony/Component/Console/Input/ArgvInput), Object(Illuminate/Console/OutputStyle))
#30 C:/Users/vesot/Downloads/Telegram Desktop/ecommerce-laravel-v6-fixed/ecommerce-laravel-fixed/vendor/laravel/framework/src/Illuminate/Console/Command.php(182): Symfony/Component/Console/Command/Command->run(Object(Symfony/Component/Console/Input/ArgvInput), Object(Illuminate/Console/OutputStyle))
#31 C:/Users/vesot/Downloads/Telegram Desktop/ecommerce-laravel-v6-fixed/ecommerce-laravel-fixed/vendor/symfony/console/Application.php(1117): Illuminate/Console/Command->run(Object(Symfony/Component/Console/Input/ArgvInput), Object(Symfony/Component/Console/Output/ConsoleOutput))
#32 C:/Users/vesot/Downloads/Telegram Desktop/ecommerce-laravel-v6-fixed/ecommerce-laravel-fixed/vendor/symfony/console/Application.php(356): Symfony/Component/Console/Application->doRunCommand(Object(Illuminate/Database/Console/Migrations/FreshCommand), Object(Symfony/Component/Console/Input/ArgvInput), Object(Symfony/Component/Console/Output/ConsoleOutput))
#33 C:/Users/vesot/Downloads/Telegram Desktop/ecommerce-laravel-v6-fixed/ecommerce-laravel-fixed/vendor/symfony/console/Application.php(195): Symfony/Component/Console/Application->doRun(Object(Symfony/Component/Console/Input/ArgvInput), Object(Symfony/Component/Console/Output/ConsoleOutput))
#34 C:/Users/vesot/Downloads/Telegram Desktop/ecommerce-laravel-v6-fixed/ecommerce-laravel-fixed/vendor/laravel/framework/src/Illuminate/Foundation/Console/Kernel.php(198): Symfony/Component/Console/Application->run(Object(Symfony/Component/Console/Input/ArgvInput), Object(Symfony/Component/Console/Output/ConsoleOutput))
#35 C:/Users/vesot/Downloads/Telegram Desktop/ecommerce-laravel-v6-fixed/ecommerce-laravel-fixed/vendor/laravel/framework/src/Illuminate/Foundation/Application.php(1235): Illuminate/Foundation/Console/Kernel->handle(Object(Symfony/Component/Console/Input/ArgvInput), Object(Symfony/Component/Console/Output/ConsoleOutput))
#36 C:/Users/vesot/Downloads/Telegram Desktop/ecommerce-laravel-v6-fixed/ecommerce-laravel-fixed/artisan(13): Illuminate/Foundation/Application->handleCommand(Object(Symfony/Component/Console/Input/ArgvInput))
#37 {main}
"} 
[2026-05-09 09:01:20] local.ERROR: There are no commands defined in the "migrate:" namespace.

Did you mean this?
    migrate {"exception":"[object] (Symfony\\Component\\Console\\Exception\\NamespaceNotFoundException(code: 0): There are no commands defined in the \"migrate:\" namespace.

Did you mean this?
    migrate at C:/Users/vesot/Downloads/Telegram Desktop/ecommerce-laravel-v6-fixed/ecommerce-laravel-fixed/vendor/symfony/console/Application.php:694)
[stacktrace]
#0 C:/Users/vesot/Downloads/Telegram Desktop/ecommerce-laravel-v6-fixed/ecommerce-laravel-fixed/vendor/symfony/console/Application.php(743): Symfony/Component/Console/Application->findNamespace('migrate:')
#1 C:/Users/vesot/Downloads/Telegram Desktop/ecommerce-laravel-v6-fixed/ecommerce-laravel-fixed/vendor/symfony/console/Application.php(298): Symfony/Component/Console/Application->find('migrate::fresh')
#2 C:/Users/vesot/Downloads/Telegram Desktop/ecommerce-laravel-v6-fixed/ecommerce-laravel-fixed/vendor/symfony/console/Application.php(195): Symfony/Component/Console/Application->doRun(Object(Symfony/Component/Console/Input/ArgvInput), Object(Symfony/Component/Console/Output/ConsoleOutput))
#3 C:/Users/vesot/Downloads/Telegram Desktop/ecommerce-laravel-v6-fixed/ecommerce-laravel-fixed/vendor/laravel/framework/src/Illuminate/Foundation/Console/Kernel.php(198): Symfony/Component/Console/Application->run(Object(Symfony/Component/Console/Input/ArgvInput), Object(Symfony/Component/Console/Output/ConsoleOutput))
#4 C:/Users/vesot/Downloads/Telegram Desktop/ecommerce-laravel-v6-fixed/ecommerce-laravel-fixed/vendor/laravel/framework/src/Illuminate/Foundation/Application.php(1235): Illuminate/Foundation/Console/Kernel->handle(Object(Symfony/Component/Console/Input/ArgvInput), Object(Symfony/Component/Console/Output/ConsoleOutput))
#5 C:/Users/vesot/Downloads/Telegram Desktop/ecommerce-laravel-v6-fixed/ecommerce-laravel-fixed/artisan(13): Illuminate/Foundation/Application->handleCommand(Object(Symfony/Component/Console/Input/ArgvInput))
#6 {main}
"} 
[2026-05-10 05:14:10] local.ERROR: SQLSTATE[HY000] [2002] No connection could be made because the target machine actively refused it (Connection: mysql, SQL: select * from `sessions` where `id` = VTXHmGE5V88H6zdzPcPs9B7Eo8tbvV4B7AJNLDFM limit 1) {"exception":"[object] (Illuminate\\Database\\QueryException(code: 2002): SQLSTATE[HY000] [2002] No connection could be made because the target machine actively refused it (Connection: mysql, SQL: select * from `sessions` where `id` = VTXHmGE5V88H6zdzPcPs9B7Eo8tbvV4B7AJNLDFM limit 1) at C:/Users/vesot/Downloads/Telegram Desktop/ecommerce-laravel-v6-fixed/ecommerce-laravel-fixed/vendor/laravel/framework/src/Illuminate/Database/Connection.php:825)
[stacktrace]
#0 C:/Users/vesot/Downloads/Telegram Desktop/ecommerce-laravel-v6-fixed/ecommerce-laravel-fixed/vendor/laravel/framework/src/Illuminate/Database/Connection.php(979): Illuminate/Database/Connection->runQueryCallback('select * from `...', Array, Object(Closure))
#1 C:/Users/vesot/Downloads/Telegram Desktop/ecommerce-laravel-v6-fixed/ecommerce-laravel-fixed/vendor/laravel/framework/src/Illuminate/Database/Connection.php(958): Illuminate/Database/Connection->tryAgainIfCausedByLostConnection(Object(Illuminate/Database/QueryException), 'select * from `...', Array, Object(Closure))
#2 C:/Users/vesot/Downloads/Telegram Desktop/ecommerce-laravel-v6-fixed/ecommerce-laravel-fixed/vendor/laravel/framework/src/Illuminate/Database/Connection.php(781): Illuminate/Database/Connection->handleQueryException(Object(Illuminate/Database/QueryException), 'select * from `...', Array, Object(Closure))
#3 C:/Users/vesot/Downloads/Telegram Desktop/ecommerce-laravel-v6-fixed/ecommerce-laravel-fixed/vendor/laravel/framework/src/Illuminate/Database/Connection.php(398): Illuminate/Database/Connection->run('select * from `...', Array, Object(Closure))
#4 C:/Users/vesot/Downloads/Telegram Desktop/ecommerce-laravel-v6-fixed/ecommerce-laravel-fixed/vendor/laravel/framework/src/Illuminate/Database/Query/Builder.php(3106): Illuminate/Database/Connection->select('select * from `...', Array, false)
#5 C:/Users/vesot/Downloads/Telegram Desktop/ecommerce-laravel-v6-fixed/ecommerce-laravel-fixed/vendor/laravel/framework/src/Illuminate/Database/Query/Builder.php(3091): Illuminate/Database/Query/Builder->runSelect()
#6 C:/Users/vesot/Downloads/Telegram Desktop/ecommerce-laravel-v6-fixed/ecommerce-laravel-fixed/vendor/laravel/framework/src/Illuminate/Database/Query/Builder.php(3676): Illuminate/Database/Query/Builder->Illuminate/Database/Query/{closure}()
#7 C:/Users/vesot/Downloads/Telegram Desktop/ecommerce-laravel-v6-fixed/ecommerce-laravel-fixed/vendor/laravel/framework/src/Illuminate/Database/Query/Builder.php(3090): Illuminate/Database/Query/Builder->onceWithColumns(Array, Object(Closure))
#8 C:/Users/vesot/Downloads/Telegram Desktop/ecommerce-laravel-v6-fixed/ecommerce-laravel-fixed/vendor/laravel/framework/src/Illuminate/Database/Concerns/BuildsQueries.php(343): Illuminate/Database/Query/Builder->get(Array)
#9 C:/Users/vesot/Downloads/Telegram Desktop/ecommerce-laravel-v6-fixed/ecommerce-laravel-fixed/vendor/laravel/framework/src/Illuminate/Database/Query/Builder.php(3013): Illuminate/Database/Query/Builder->first(Array)
#10 C:/Users/vesot/Downloads/Telegram Desktop/ecommerce-laravel-v6-fixed/ecommerce-laravel-fixed/vendor/laravel/framework/src/Illuminate/Session/DatabaseSessionHandler.php(97): Illuminate/Database/Query/Builder->find('VTXHmGE5V88H6zd...')
#11 C:/Users/vesot/Downloads/Telegram Desktop/ecommerce-laravel-v6-fixed/ecommerce-laravel-fixed/vendor/laravel/framework/src/Illuminate/Session/Store.php(117): Illuminate/Session/DatabaseSessionHandler->read('VTXHmGE5V88H6zd...')
#12 C:/Users/vesot/Downloads/Telegram Desktop/ecommerce-laravel-v6-fixed/ecommerce-laravel-fixed/vendor/laravel/framework/src/Illuminate/Session/Store.php(105): Illuminate/Session/Store->readFromHandler()
#13 C:/Users/vesot/Downloads/Telegram Desktop/ecommerce-laravel-v6-fixed/ecommerce-laravel-fixed/vendor/laravel/framework/src/Illuminate/Session/Store.php(89): Illuminate/Session/Store->loadSession()
#14 C:/Users/vesot/Downloads/Telegram Desktop/ecommerce-laravel-v6-fixed/ecommerce-laravel-fixed/vendor/laravel/framework/src/Illuminate/Session/Middleware/StartSession.php(147): Illuminate/Session/Store->start()
#15 C:/Users/vesot/Downloads/Telegram Desktop/ecommerce-laravel-v6-fixed/ecommerce-laravel-fixed/vendor/laravel/framework/src/Illuminate/Support/helpers.php(399): Illuminate/Session/Middleware/StartSession->Illuminate/Session/Middleware/{closure}(Object(Illuminate/Session/Store))
#16 C:/Users/vesot/Downloads/Telegram Desktop/ecommerce-laravel-v6-fixed/ecommerce-laravel-fixed/vendor/laravel/framework/src/Illuminate/Session/Middleware/StartSession.php(144): tap(Object(Illuminate/Session/Store), Object(Closure))
#17 C:/Users/vesot/Downloads/Telegram Desktop/ecommerce-laravel-v6-fixed/ecommerce-laravel-fixed/vendor/laravel/framework/src/Illuminate/Session/Middleware/StartSession.php(116): Illuminate/Session/Middleware/StartSession->startSession(Object(Illuminate/Http/Request), Object(Illuminate/Session/Store))
#18 C:/Users/vesot/Downloads/Telegram Desktop/ecommerce-laravel-v6-fixed/ecommerce-laravel-fixed/vendor/laravel/framework/src/Illuminate/Session/Middleware/StartSession.php(64): Illuminate/Session/Middleware/StartSession->handleStatefulRequest(Object(Illuminate/Http/Request), Object(Illuminate/Session/Store), Object(Closure))
#19 C:/Users/vesot/Downloads/Telegram Desktop/ecommerce-laravel-v6-fixed/ecommerce-laravel-fixed/vendor/laravel/framework/src/Illuminate/Pipeline/Pipeline.php(209): Illuminate/Session/Middleware/StartSession->handle(Object(Illuminate/Http/Request), Object(Closure))
#20 C:/Users/vesot/Downloads/Telegram Desktop/ecommerce-laravel-v6-fixed/ecommerce-laravel-fixed/vendor/laravel/framework/src/Illuminate/Cookie/Middleware/AddQueuedCookiesToResponse.php(37): Illuminate/Pipeline/Pipeline->Illuminate/Pipeline/{closure}(Object(Illuminate/Http/Request))
#21 C:/Users/vesot/Downloads/Telegram Desktop/ecommerce-laravel-v6-fixed/ecommerce-laravel-fixed/vendor/laravel/framework/src/Illuminate/Pipeline/Pipeline.php(209): Illuminate/Cookie/Middleware/AddQueuedCookiesToResponse->handle(Object(Illuminate/Http/Request), Object(Closure))
#22 C:/Users/vesot/Downloads/Telegram Desktop/ecommerce-laravel-v6-fixed/ecommerce-laravel-fixed/vendor/laravel/framework/src/Illuminate/Cookie/Middleware/EncryptCookies.php(75): Illuminate/Pipeline/Pipeline->Illuminate/Pipeline/{closure}(Object(Illuminate/Http/Request))
#23 C:/Users/vesot/Downloads/Telegram Desktop/ecommerce-laravel-v6-fixed/ecommerce-laravel-fixed/vendor/laravel/framework/src/Illuminate/Pipeline/Pipeline.php(209): Illuminate/Cookie/Middleware/EncryptCookies->handle(Object(Illuminate/Http/Request), Object(Closure))
#24 C:/Users/vesot/Downloads/Telegram Desktop/ecommerce-laravel-v6-fixed/ecommerce-laravel-fixed/vendor/laravel/framework/src/Illuminate/Pipeline/Pipeline.php(127): Illuminate/Pipeline/Pipeline->Illuminate/Pipeline/{closure}(Object(Illuminate/Http/Request))
#25 C:/Users/vesot/Downloads/Telegram Desktop/ecommerce-laravel-v6-fixed/ecommerce-laravel-fixed/vendor/laravel/framework/src/Illuminate/Routing/Router.php(807): Illuminate/Pipeline/Pipeline->then(Object(Closure))
#26 C:/Users/vesot/Downloads/Telegram Desktop/ecommerce-laravel-v6-fixed/ecommerce-laravel-fixed/vendor/laravel/framework/src/Illuminate/Routing/Router.php(786): Illuminate/Routing/Router->runRouteWithinStack(Object(Illuminate/Routing/Route), Object(Illuminate/Http/Request))
#27 C:/Users/vesot/Downloads/Telegram Desktop/ecommerce-laravel-v6-fixed/ecommerce-laravel-fixed/vendor/laravel/framework/src/Illuminate/Routing/Router.php(750): Illuminate/Routing/Router->runRoute(Object(Illuminate/Http/Request), Object(Illuminate/Routing/Route))
#28 C:/Users/vesot/Downloads/Telegram Desktop/ecommerce-laravel-v6-fixed/ecommerce-laravel-fixed/vendor/laravel/framework/src/Illuminate/Routing/Router.php(739): Illuminate/Routing/Router->dispatchToRoute(Object(Illuminate/Http/Request))
#29 C:/Users/vesot/Downloads/Telegram Desktop/ecommerce-laravel-v6-fixed/ecommerce-laravel-fixed/vendor/laravel/framework/src/Illuminate/Foundation/Http/Kernel.php(201): Illuminate/Routing/Router->dispatch(Object(Illuminate/Http/Request))
#30 C:/Users/vesot/Downloads/Telegram Desktop/ecommerce-laravel-v6-fixed/ecommerce-laravel-fixed/vendor/laravel/framework/src/Illuminate/Pipeline/Pipeline.php(170): Illuminate/Foundation/Http/Kernel->Illuminate/Foundation/Http/{closure}(Object(Illuminate/Http/Request))
#31 C:/Users/vesot/Downloads/Telegram Desktop/ecommerce-laravel-v6-fixed/ecommerce-laravel-fixed/vendor/laravel/framework/src/Illuminate/Foundation/Http/Middleware/TransformsRequest.php(21): Illuminate/Pipeline/Pipeline->Illuminate/Pipeline/{closure}(Object(Illuminate/Http/Request))
#32 C:/Users/vesot/Downloads/Telegram Desktop/ecommerce-laravel-v6-fixed/ecommerce-laravel-fixed/vendor/laravel/framework/src/Illuminate/Foundation/Http/Middleware/ConvertEmptyStringsToNull.php(31): Illuminate/Foundation/Http/Middleware/TransformsRequest->handle(Object(Illuminate/Http/Request), Object(Closure))
#33 C:/Users/vesot/Downloads/Telegram Desktop/ecommerce-laravel-v6-fixed/ecommerce-laravel-fixed/vendor/laravel/framework/src/Illuminate/Pipeline/Pipeline.php(209): Illuminate/Foundation/Http/Middleware/ConvertEmptyStringsToNull->handle(Object(Illuminate/Http/Request), Object(Closure))
#34 C:/Users/vesot/Downloads/Telegram Desktop/ecommerce-laravel-v6-fixed/ecommerce-laravel-fixed/vendor/laravel/framework/src/Illuminate/Foundation/Http/Middleware/TransformsRequest.php(21): Illuminate/Pipeline/Pipeline->Illuminate/Pipeline/{closure}(Object(Illuminate/Http/Request))
#35 C:/Users/vesot/Downloads/Telegram Desktop/ecommerce-laravel-v6-fixed/ecommerce-laravel-fixed/vendor/laravel/framework/src/Illuminate/Foundation/Http/Middleware/TrimStrings.php(51): Illuminate/Foundation/Http/Middleware/TransformsRequest->handle(Object(Illuminate/Http/Request), Object(Closure))
#36 C:/Users/vesot/Downloads/Telegram Desktop/ecommerce-laravel-v6-fixed/ecommerce-laravel-fixed/vendor/laravel/framework/src/Illuminate/Pipeline/Pipeline.php(209): Illuminate/Foundation/Http/Middleware/TrimStrings->handle(Object(Illuminate/Http/Request), Object(Closure))
#37 C:/Users/vesot/Downloads/Telegram Desktop/ecommerce-laravel-v6-fixed/ecommerce-laravel-fixed/vendor/laravel/framework/src/Illuminate/Http/Middleware/ValidatePostSize.php(27): Illuminate/Pipeline/Pipeline->Illuminate/Pipeline/{closure}(Object(Illuminate/Http/Request))
#38 C:/Users/vesot/Downloads/Telegram Desktop/ecommerce-laravel-v6-fixed/ecommerce-laravel-fixed/vendor/laravel/framework/src/Illuminate/Pipeline/Pipeline.php(209): Illuminate/Http/Middleware/ValidatePostSize->handle(Object(Illuminate/Http/Request), Object(Closure))
#39 C:/Users/vesot/Downloads/Telegram Desktop/ecommerce-laravel-v6-fixed/ecommerce-laravel-fixed/vendor/laravel/framework/src/Illuminate/Foundation/Http/Middleware/PreventRequestsDuringMaintenance.php(110): Illuminate/Pipeline/Pipeline->Illuminate/Pipeline/{closure}(Object(Illuminate/Http/Request))
#40 C:/Users/vesot/Downloads/Telegram Desktop/ecommerce-laravel-v6-fixed/ecommerce-laravel-fixed/vendor/laravel/framework/src/Illuminate/Pipeline/Pipeline.php(209): Illuminate/Foundation/Http/Middleware/PreventRequestsDuringMaintenance->handle(Object(Illuminate/Http/Request), Object(Closure))
#41 C:/Users/vesot/Downloads/Telegram Desktop/ecommerce-laravel-v6-fixed/ecommerce-laravel-fixed/vendor/laravel/framework/src/Illuminate/Http/Middleware/HandleCors.php(49): Illuminate/Pipeline/Pipeline->Illuminate/Pipeline/{closure}(Object(Illuminate/Http/Request))
#42 C:/Users/vesot/Downloads/Telegram Desktop/ecommerce-laravel-v6-fixed/ecommerce-laravel-fixed/vendor/laravel/framework/src/Illuminate/Pipeline/Pipeline.php(209): Illuminate/Http/Middleware/HandleCors->handle(Object(Illuminate/Http/Request), Object(Closure))
#43 C:/Users/vesot/Downloads/Telegram Desktop/ecommerce-laravel-v6-fixed/ecommerce-laravel-fixed/vendor/laravel/framework/src/Illuminate/Http/Middleware/TrustProxies.php(58): Illuminate/Pipeline/Pipeline->Illuminate/Pipeline/{closure}(Object(Illuminate/Http/Request))
#44 C:/Users/vesot/Downloads/Telegram Desktop/ecommerce-laravel-v6-fixed/ecommerce-laravel-fixed/vendor/laravel/framework/src/Illuminate/Pipeline/Pipeline.php(209): Illuminate/Http/Middleware/TrustProxies->handle(Object(Illuminate/Http/Request), Object(Closure))
#45 C:/Users/vesot/Downloads/Telegram Desktop/ecommerce-laravel-v6-fixed/ecommerce-laravel-fixed/vendor/laravel/framework/src/Illuminate/Foundation/Http/Middleware/InvokeDeferredCallbacks.php(22): Illuminate/Pipeline/Pipeline->Illuminate/Pipeline/{closure}(Object(Illuminate/Http/Request))
#46 C:/Users/vesot/Downloads/Telegram Desktop/ecommerce-laravel-v6-fixed/ecommerce-laravel-fixed/vendor/laravel/framework/src/Illuminate/Pipeline/Pipeline.php(209): Illuminate/Foundation/Http/Middleware/InvokeDeferredCallbacks->handle(Object(Illuminate/Http/Request), Object(Closure))
#47 C:/Users/vesot/Downloads/Telegram Desktop/ecommerce-laravel-v6-fixed/ecommerce-laravel-fixed/vendor/laravel/framework/src/Illuminate/Pipeline/Pipeline.php(127): Illuminate/Pipeline/Pipeline->Illuminate/Pipeline/{closure}(Object(Illuminate/Http/Request))
#48 C:/Users/vesot/Downloads/Telegram Desktop/ecommerce-laravel-v6-fixed/ecommerce-laravel-fixed/vendor/laravel/framework/src/Illuminate/Foundation/Http/Kernel.php(176): Illuminate/Pipeline/Pipeline->then(Object(Closure))
#49 C:/Users/vesot/Downloads/Telegram Desktop/ecommerce-laravel-v6-fixed/ecommerce-laravel-fixed/vendor/laravel/framework/src/Illuminate/Foundation/Http/Kernel.php(145): Illuminate/Foundation/Http/Kernel->sendRequestThroughRouter(Object(Illuminate/Http/Request))
#50 C:/Users/vesot/Downloads/Telegram Desktop/ecommerce-laravel-v6-fixed/ecommerce-laravel-fixed/vendor/laravel/framework/src/Illuminate/Foundation/Application.php(1220): Illuminate/Foundation/Http/Kernel->handle(Object(Illuminate/Http/Request))
#51 C:/Users/vesot/Downloads/Telegram Desktop/ecommerce-laravel-v6-fixed/ecommerce-laravel-fixed/public/index.php(17): Illuminate/Foundation/Application->handleRequest(Object(Illuminate/Http/Request))
#52 C:/Users/vesot/Downloads/Telegram Desktop/ecommerce-laravel-v6-fixed/ecommerce-laravel-fixed/vendor/laravel/framework/src/Illuminate/Foundation/resources/server.php(23): require_once('C://Users//vesot//...')
#53 {main}

[previous exception] [object] (PDOException(code: 2002): SQLSTATE[HY000] [2002] No connection could be made because the target machine actively refused it at C:/Users/vesot/Downloads/Telegram Desktop/ecommerce-laravel-v6-fixed/ecommerce-laravel-fixed/vendor/laravel/framework/src/Illuminate/Database/Connectors/Connector.php:66)
[stacktrace]
#0 C:/Users/vesot/Downloads/Telegram Desktop/ecommerce-laravel-v6-fixed/ecommerce-laravel-fixed/vendor/laravel/framework/src/Illuminate/Database/Connectors/Connector.php(66): PDO->__construct('mysql:host=127....', 'root', Object(SensitiveParameterValue), Array)
#1 C:/Users/vesot/Downloads/Telegram Desktop/ecommerce-laravel-v6-fixed/ecommerce-laravel-fixed/vendor/laravel/framework/src/Illuminate/Database/Connectors/Connector.php(85): Illuminate/Database/Connectors/Connector->createPdoConnection('mysql:host=127....', 'root', Object(SensitiveParameterValue), Array)
#2 C:/Users/vesot/Downloads/Telegram Desktop/ecommerce-laravel-v6-fixed/ecommerce-laravel-fixed/vendor/laravel/framework/src/Illuminate/Database/Connectors/Connector.php(48): Illuminate/Database/Connectors/Connector->tryAgainIfCausedByLostConnection(Object(PDOException), 'mysql:host=127....', 'root', Object(SensitiveParameterValue), Array)
#3 C:/Users/vesot/Downloads/Telegram Desktop/ecommerce-laravel-v6-fixed/ecommerce-laravel-fixed/vendor/laravel/framework/src/Illuminate/Database/Connectors/MySqlConnector.php(24): Illuminate/Database/Connectors/Connector->createConnection('mysql:host=127....', Array, Array)
#4 C:/Users/vesot/Downloads/Telegram Desktop/ecommerce-laravel-v6-fixed/ecommerce-laravel-fixed/vendor/laravel/framework/src/Illuminate/Database/Connectors/ConnectionFactory.php(185): Illuminate/Database/Connectors/MySqlConnector->connect(Array)
#5 [internal function]: Illuminate/Database/Connectors/ConnectionFactory->Illuminate/Database/Connectors/{closure}()
#6 C:/Users/vesot/Downloads/Telegram Desktop/ecommerce-laravel-v6-fixed/ecommerce-laravel-fixed/vendor/laravel/framework/src/Illuminate/Database/Connection.php(1231): call_user_func(Object(Closure))
#7 C:/Users/vesot/Downloads/Telegram Desktop/ecommerce-laravel-v6-fixed/ecommerce-laravel-fixed/vendor/laravel/framework/src/Illuminate/Database/Connection.php(512): Illuminate/Database/Connection->getPdo()
#8 C:/Users/vesot/Downloads/Telegram Desktop/ecommerce-laravel-v6-fixed/ecommerce-laravel-fixed/vendor/laravel/framework/src/Illuminate/Database/Connection.php(407): Illuminate/Database/Connection->getPdoForSelect(false)
#9 C:/Users/vesot/Downloads/Telegram Desktop/ecommerce-laravel-v6-fixed/ecommerce-laravel-fixed/vendor/laravel/framework/src/Illuminate/Database/Connection.php(812): Illuminate/Database/Connection->Illuminate/Database/{closure}('select * from `...', Array)
#10 C:/Users/vesot/Downloads/Telegram Desktop/ecommerce-laravel-v6-fixed/ecommerce-laravel-fixed/vendor/laravel/framework/src/Illuminate/Database/Connection.php(979): Illuminate/Database/Connection->runQueryCallback('select * from `...', Array, Object(Closure))
#11 C:/Users/vesot/Downloads/Telegram Desktop/ecommerce-laravel-v6-fixed/ecommerce-laravel-fixed/vendor/laravel/framework/src/Illuminate/Database/Connection.php(958): Illuminate/Database/Connection->tryAgainIfCausedByLostConnection(Object(Illuminate/Database/QueryException), 'select * from `...', Array, Object(Closure))
#12 C:/Users/vesot/Downloads/Telegram Desktop/ecommerce-laravel-v6-fixed/ecommerce-laravel-fixed/vendor/laravel/framework/src/Illuminate/Database/Connection.php(781): Illuminate/Database/Connection->handleQueryException(Object(Illuminate/Database/QueryException), 'select * from `...', Array, Object(Closure))
#13 C:/Users/vesot/Downloads/Telegram Desktop/ecommerce-laravel-v6-fixed/ecommerce-laravel-fixed/vendor/laravel/framework/src/Illuminate/Database/Connection.php(398): Illuminate/Database/Connection->run('select * from `...', Array, Object(Closure))
#14 C:/Users/vesot/Downloads/Telegram Desktop/ecommerce-laravel-v6-fixed/ecommerce-laravel-fixed/vendor/laravel/framework/src/Illuminate/Database/Query/Builder.php(3106): Illuminate/Database/Connection->select('select * from `...', Array, false)
#15 C:/Users/vesot/Downloads/Telegram Desktop/ecommerce-laravel-v6-fixed/ecommerce-laravel-fixed/vendor/laravel/framework/src/Illuminate/Database/Query/Builder.php(3091): Illuminate/Database/Query/Builder->runSelect()
#16 C:/Users/vesot/Downloads/Telegram Desktop/ecommerce-laravel-v6-fixed/ecommerce-laravel-fixed/vendor/laravel/framework/src/Illuminate/Database/Query/Builder.php(3676): Illuminate/Database/Query/Builder->Illuminate/Database/Query/{closure}()
#17 C:/Users/vesot/Downloads/Telegram Desktop/ecommerce-laravel-v6-fixed/ecommerce-laravel-fixed/vendor/laravel/framework/src/Illuminate/Database/Query/Builder.php(3090): Illuminate/Database/Query/Builder->onceWithColumns(Array, Object(Closure))
#18 C:/Users/vesot/Downloads/Telegram Desktop/ecommerce-laravel-v6-fixed/ecommerce-laravel-fixed/vendor/laravel/framework/src/Illuminate/Database/Concerns/BuildsQueries.php(343): Illuminate/Database/Query/Builder->get(Array)
#19 C:/Users/vesot/Downloads/Telegram Desktop/ecommerce-laravel-v6-fixed/ecommerce-laravel-fixed/vendor/laravel/framework/src/Illuminate/Database/Query/Builder.php(3013): Illuminate/Database/Query/Builder->first(Array)
#20 C:/Users/vesot/Downloads/Telegram Desktop/ecommerce-laravel-v6-fixed/ecommerce-laravel-fixed/vendor/laravel/framework/src/Illuminate/Session/DatabaseSessionHandler.php(97): Illuminate/Database/Query/Builder->find('VTXHmGE5V88H6zd...')
#21 C:/Users/vesot/Downloads/Telegram Desktop/ecommerce-laravel-v6-fixed/ecommerce-laravel-fixed/vendor/laravel/framework/src/Illuminate/Session/Store.php(117): Illuminate/Session/DatabaseSessionHandler->read('VTXHmGE5V88H6zd...')
#22 C:/Users/vesot/Downloads/Telegram Desktop/ecommerce-laravel-v6-fixed/ecommerce-laravel-fixed/vendor/laravel/framework/src/Illuminate/Session/Store.php(105): Illuminate/Session/Store->readFromHandler()
#23 C:/Users/vesot/Downloads/Telegram Desktop/ecommerce-laravel-v6-fixed/ecommerce-laravel-fixed/vendor/laravel/framework/src/Illuminate/Session/Store.php(89): Illuminate/Session/Store->loadSession()
#24 C:/Users/vesot/Downloads/Telegram Desktop/ecommerce-laravel-v6-fixed/ecommerce-laravel-fixed/vendor/laravel/framework/src/Illuminate/Session/Middleware/StartSession.php(147): Illuminate/Session/Store->start()
#25 C:/Users/vesot/Downloads/Telegram Desktop/ecommerce-laravel-v6-fixed/ecommerce-laravel-fixed/vendor/laravel/framework/src/Illuminate/Support/helpers.php(399): Illuminate/Session/Middleware/StartSession->Illuminate/Session/Middleware/{closure}(Object(Illuminate/Session/Store))
#26 C:/Users/vesot/Downloads/Telegram Desktop/ecommerce-laravel-v6-fixed/ecommerce-laravel-fixed/vendor/laravel/framework/src/Illuminate/Session/Middleware/StartSession.php(144): tap(Object(Illuminate/Session/Store), Object(Closure))
#27 C:/Users/vesot/Downloads/Telegram Desktop/ecommerce-laravel-v6-fixed/ecommerce-laravel-fixed/vendor/laravel/framework/src/Illuminate/Session/Middleware/StartSession.php(116): Illuminate/Session/Middleware/StartSession->startSession(Object(Illuminate/Http/Request), Object(Illuminate/Session/Store))
#28 C:/Users/vesot/Downloads/Telegram Desktop/ecommerce-laravel-v6-fixed/ecommerce-laravel-fixed/vendor/laravel/framework/src/Illuminate/Session/Middleware/StartSession.php(64): Illuminate/Session/Middleware/StartSession->handleStatefulRequest(Object(Illuminate/Http/Request), Object(Illuminate/Session/Store), Object(Closure))
#29 C:/Users/vesot/Downloads/Telegram Desktop/ecommerce-laravel-v6-fixed/ecommerce-laravel-fixed/vendor/laravel/framework/src/Illuminate/Pipeline/Pipeline.php(209): Illuminate/Session/Middleware/StartSession->handle(Object(Illuminate/Http/Request), Object(Closure))
#30 C:/Users/vesot/Downloads/Telegram Desktop/ecommerce-laravel-v6-fixed/ecommerce-laravel-fixed/vendor/laravel/framework/src/Illuminate/Cookie/Middleware/AddQueuedCookiesToResponse.php(37): Illuminate/Pipeline/Pipeline->Illuminate/Pipeline/{closure}(Object(Illuminate/Http/Request))
#31 C:/Users/vesot/Downloads/Telegram Desktop/ecommerce-laravel-v6-fixed/ecommerce-laravel-fixed/vendor/laravel/framework/src/Illuminate/Pipeline/Pipeline.php(209): Illuminate/Cookie/Middleware/AddQueuedCookiesToResponse->handle(Object(Illuminate/Http/Request), Object(Closure))
#32 C:/Users/vesot/Downloads/Telegram Desktop/ecommerce-laravel-v6-fixed/ecommerce-laravel-fixed/vendor/laravel/framework/src/Illuminate/Cookie/Middleware/EncryptCookies.php(75): Illuminate/Pipeline/Pipeline->Illuminate/Pipeline/{closure}(Object(Illuminate/Http/Request))
#33 C:/Users/vesot/Downloads/Telegram Desktop/ecommerce-laravel-v6-fixed/ecommerce-laravel-fixed/vendor/laravel/framework/src/Illuminate/Pipeline/Pipeline.php(209): Illuminate/Cookie/Middleware/EncryptCookies->handle(Object(Illuminate/Http/Request), Object(Closure))
#34 C:/Users/vesot/Downloads/Telegram Desktop/ecommerce-laravel-v6-fixed/ecommerce-laravel-fixed/vendor/laravel/framework/src/Illuminate/Pipeline/Pipeline.php(127): Illuminate/Pipeline/Pipeline->Illuminate/Pipeline/{closure}(Object(Illuminate/Http/Request))
#35 C:/Users/vesot/Downloads/Telegram Desktop/ecommerce-laravel-v6-fixed/ecommerce-laravel-fixed/vendor/laravel/framework/src/Illuminate/Routing/Router.php(807): Illuminate/Pipeline/Pipeline->then(Object(Closure))
#36 C:/Users/vesot/Downloads/Telegram Desktop/ecommerce-laravel-v6-fixed/ecommerce-laravel-fixed/vendor/laravel/framework/src/Illuminate/Routing/Router.php(786): Illuminate/Routing/Router->runRouteWithinStack(Object(Illuminate/Routing/Route), Object(Illuminate/Http/Request))
#37 C:/Users/vesot/Downloads/Telegram Desktop/ecommerce-laravel-v6-fixed/ecommerce-laravel-fixed/vendor/laravel/framework/src/Illuminate/Routing/Router.php(750): Illuminate/Routing/Router->runRoute(Object(Illuminate/Http/Request), Object(Illuminate/Routing/Route))
#38 C:/Users/vesot/Downloads/Telegram Desktop/ecommerce-laravel-v6-fixed/ecommerce-laravel-fixed/vendor/laravel/framework/src/Illuminate/Routing/Router.php(739): Illuminate/Routing/Router->dispatchToRoute(Object(Illuminate/Http/Request))
#39 C:/Users/vesot/Downloads/Telegram Desktop/ecommerce-laravel-v6-fixed/ecommerce-laravel-fixed/vendor/laravel/framework/src/Illuminate/Foundation/Http/Kernel.php(201): Illuminate/Routing/Router->dispatch(Object(Illuminate/Http/Request))
#40 C:/Users/vesot/Downloads/Telegram Desktop/ecommerce-laravel-v6-fixed/ecommerce-laravel-fixed/vendor/laravel/framework/src/Illuminate/Pipeline/Pipeline.php(170): Illuminate/Foundation/Http/Kernel->Illuminate/Foundation/Http/{closure}(Object(Illuminate/Http/Request))
#41 C:/Users/vesot/Downloads/Telegram Desktop/ecommerce-laravel-v6-fixed/ecommerce-laravel-fixed/vendor/laravel/framework/src/Illuminate/Foundation/Http/Middleware/TransformsRequest.php(21): Illuminate/Pipeline/Pipeline->Illuminate/Pipeline/{closure}(Object(Illuminate/Http/Request))
#42 C:/Users/vesot/Downloads/Telegram Desktop/ecommerce-laravel-v6-fixed/ecommerce-laravel-fixed/vendor/laravel/framework/src/Illuminate/Foundation/Http/Middleware/ConvertEmptyStringsToNull.php(31): Illuminate/Foundation/Http/Middleware/TransformsRequest->handle(Object(Illuminate/Http/Request), Object(Closure))
#43 C:/Users/vesot/Downloads/Telegram Desktop/ecommerce-laravel-v6-fixed/ecommerce-laravel-fixed/vendor/laravel/framework/src/Illuminate/Pipeline/Pipeline.php(209): Illuminate/Foundation/Http/Middleware/ConvertEmptyStringsToNull->handle(Object(Illuminate/Http/Request), Object(Closure))
#44 C:/Users/vesot/Downloads/Telegram Desktop/ecommerce-laravel-v6-fixed/ecommerce-laravel-fixed/vendor/laravel/framework/src/Illuminate/Foundation/Http/Middleware/TransformsRequest.php(21): Illuminate/Pipeline/Pipeline->Illuminate/Pipeline/{closure}(Object(Illuminate/Http/Request))
#45 C:/Users/vesot/Downloads/Telegram Desktop/ecommerce-laravel-v6-fixed/ecommerce-laravel-fixed/vendor/laravel/framework/src/Illuminate/Foundation/Http/Middleware/TrimStrings.php(51): Illuminate/Foundation/Http/Middleware/TransformsRequest->handle(Object(Illuminate/Http/Request), Object(Closure))
#46 C:/Users/vesot/Downloads/Telegram Desktop/ecommerce-laravel-v6-fixed/ecommerce-laravel-fixed/vendor/laravel/framework/src/Illuminate/Pipeline/Pipeline.php(209): Illuminate/Foundation/Http/Middleware/TrimStrings->handle(Object(Illuminate/Http/Request), Object(Closure))
#47 C:/Users/vesot/Downloads/Telegram Desktop/ecommerce-laravel-v6-fixed/ecommerce-laravel-fixed/vendor/laravel/framework/src/Illuminate/Http/Middleware/ValidatePostSize.php(27): Illuminate/Pipeline/Pipeline->Illuminate/Pipeline/{closure}(Object(Illuminate/Http/Request))
#48 C:/Users/vesot/Downloads/Telegram Desktop/ecommerce-laravel-v6-fixed/ecommerce-laravel-fixed/vendor/laravel/framework/src/Illuminate/Pipeline/Pipeline.php(209): Illuminate/Http/Middleware/ValidatePostSize->handle(Object(Illuminate/Http/Request), Object(Closure))
#49 C:/Users/vesot/Downloads/Telegram Desktop/ecommerce-laravel-v6-fixed/ecommerce-laravel-fixed/vendor/laravel/framework/src/Illuminate/Foundation/Http/Middleware/PreventRequestsDuringMaintenance.php(110): Illuminate/Pipeline/Pipeline->Illuminate/Pipeline/{closure}(Object(Illuminate/Http/Request))
#50 C:/Users/vesot/Downloads/Telegram Desktop/ecommerce-laravel-v6-fixed/ecommerce-laravel-fixed/vendor/laravel/framework/src/Illuminate/Pipeline/Pipeline.php(209): Illuminate/Foundation/Http/Middleware/PreventRequestsDuringMaintenance->handle(Object(Illuminate/Http/Request), Object(Closure))
#51 C:/Users/vesot/Downloads/Telegram Desktop/ecommerce-laravel-v6-fixed/ecommerce-laravel-fixed/vendor/laravel/framework/src/Illuminate/Http/Middleware/HandleCors.php(49): Illuminate/Pipeline/Pipeline->Illuminate/Pipeline/{closure}(Object(Illuminate/Http/Request))
#52 C:/Users/vesot/Downloads/Telegram Desktop/ecommerce-laravel-v6-fixed/ecommerce-laravel-fixed/vendor/laravel/framework/src/Illuminate/Pipeline/Pipeline.php(209): Illuminate/Http/Middleware/HandleCors->handle(Object(Illuminate/Http/Request), Object(Closure))
#53 C:/Users/vesot/Downloads/Telegram Desktop/ecommerce-laravel-v6-fixed/ecommerce-laravel-fixed/vendor/laravel/framework/src/Illuminate/Http/Middleware/TrustProxies.php(58): Illuminate/Pipeline/Pipeline->Illuminate/Pipeline/{closure}(Object(Illuminate/Http/Request))
#54 C:/Users/vesot/Downloads/Telegram Desktop/ecommerce-laravel-v6-fixed/ecommerce-laravel-fixed/vendor/laravel/framework/src/Illuminate/Pipeline/Pipeline.php(209): Illuminate/Http/Middleware/TrustProxies->handle(Object(Illuminate/Http/Request), Object(Closure))
#55 C:/Users/vesot/Downloads/Telegram Desktop/ecommerce-laravel-v6-fixed/ecommerce-laravel-fixed/vendor/laravel/framework/src/Illuminate/Foundation/Http/Middleware/InvokeDeferredCallbacks.php(22): Illuminate/Pipeline/Pipeline->Illuminate/Pipeline/{closure}(Object(Illuminate/Http/Request))
#56 C:/Users/vesot/Downloads/Telegram Desktop/ecommerce-laravel-v6-fixed/ecommerce-laravel-fixed/vendor/laravel/framework/src/Illuminate/Pipeline/Pipeline.php(209): Illuminate/Foundation/Http/Middleware/InvokeDeferredCallbacks->handle(Object(Illuminate/Http/Request), Object(Closure))
#57 C:/Users/vesot/Downloads/Telegram Desktop/ecommerce-laravel-v6-fixed/ecommerce-laravel-fixed/vendor/laravel/framework/src/Illuminate/Pipeline/Pipeline.php(127): Illuminate/Pipeline/Pipeline->Illuminate/Pipeline/{closure}(Object(Illuminate/Http/Request))
#58 C:/Users/vesot/Downloads/Telegram Desktop/ecommerce-laravel-v6-fixed/ecommerce-laravel-fixed/vendor/laravel/framework/src/Illuminate/Foundation/Http/Kernel.php(176): Illuminate/Pipeline/Pipeline->then(Object(Closure))
#59 C:/Users/vesot/Downloads/Telegram Desktop/ecommerce-laravel-v6-fixed/ecommerce-laravel-fixed/vendor/laravel/framework/src/Illuminate/Foundation/Http/Kernel.php(145): Illuminate/Foundation/Http/Kernel->sendRequestThroughRouter(Object(Illuminate/Http/Request))
#60 C:/Users/vesot/Downloads/Telegram Desktop/ecommerce-laravel-v6-fixed/ecommerce-laravel-fixed/vendor/laravel/framework/src/Illuminate/Foundation/Application.php(1220): Illuminate/Foundation/Http/Kernel->handle(Object(Illuminate/Http/Request))
#61 C:/Users/vesot/Downloads/Telegram Desktop/ecommerce-laravel-v6-fixed/ecommerce-laravel-fixed/public/index.php(17): Illuminate/Foundation/Application->handleRequest(Object(Illuminate/Http/Request))
#62 C:/Users/vesot/Downloads/Telegram Desktop/ecommerce-laravel-v6-fixed/ecommerce-laravel-fixed/vendor/laravel/framework/src/Illuminate/Foundation/resources/server.php(23): require_once('C://Users//vesot//...')
#63 {main}
"} 
[2026-05-10 05:30:58] local.ERROR: SQLSTATE[HY000] [2002] No connection could be made because the target machine actively refused it (Connection: mysql, SQL: select * from `sessions` where `id` = K1jXz6qpMmxQ7bDz9SjUr4wPDU1BlnoOeXwtal5s limit 1) {"exception":"[object] (Illuminate\\Database\\QueryException(code: 2002): SQLSTATE[HY000] [2002] No connection could be made because the target machine actively refused it (Connection: mysql, SQL: select * from `sessions` where `id` = K1jXz6qpMmxQ7bDz9SjUr4wPDU1BlnoOeXwtal5s limit 1) at C:/Users/vesot/Downloads/Telegram Desktop/ecommerce-laravel-v6-fixed/ecommerce-laravel-fixed/vendor/laravel/framework/src/Illuminate/Database/Connection.php:825)
[stacktrace]
#0 C:/Users/vesot/Downloads/Telegram Desktop/ecommerce-laravel-v6-fixed/ecommerce-laravel-fixed/vendor/laravel/framework/src/Illuminate/Database/Connection.php(979): Illuminate/Database/Connection->runQueryCallback('select * from `...', Array, Object(Closure))
#1 C:/Users/vesot/Downloads/Telegram Desktop/ecommerce-laravel-v6-fixed/ecommerce-laravel-fixed/vendor/laravel/framework/src/Illuminate/Database/Connection.php(958): Illuminate/Database/Connection->tryAgainIfCausedByLostConnection(Object(Illuminate/Database/QueryException), 'select * from `...', Array, Object(Closure))
#2 C:/Users/vesot/Downloads/Telegram Desktop/ecommerce-laravel-v6-fixed/ecommerce-laravel-fixed/vendor/laravel/framework/src/Illuminate/Database/Connection.php(781): Illuminate/Database/Connection->handleQueryException(Object(Illuminate/Database/QueryException), 'select * from `...', Array, Object(Closure))
#3 C:/Users/vesot/Downloads/Telegram Desktop/ecommerce-laravel-v6-fixed/ecommerce-laravel-fixed/vendor/laravel/framework/src/Illuminate/Database/Connection.php(398): Illuminate/Database/Connection->run('select * from `...', Array, Object(Closure))
#4 C:/Users/vesot/Downloads/Telegram Desktop/ecommerce-laravel-v6-fixed/ecommerce-laravel-fixed/vendor/laravel/framework/src/Illuminate/Database/Query/Builder.php(3106): Illuminate/Database/Connection->select('select * from `...', Array, false)
#5 C:/Users/vesot/Downloads/Telegram Desktop/ecommerce-laravel-v6-fixed/ecommerce-laravel-fixed/vendor/laravel/framework/src/Illuminate/Database/Query/Builder.php(3091): Illuminate/Database/Query/Builder->runSelect()
#6 C:/Users/vesot/Downloads/Telegram Desktop/ecommerce-laravel-v6-fixed/ecommerce-laravel-fixed/vendor/laravel/framework/src/Illuminate/Database/Query/Builder.php(3676): Illuminate/Database/Query/Builder->Illuminate/Database/Query/{closure}()
#7 C:/Users/vesot/Downloads/Telegram Desktop/ecommerce-laravel-v6-fixed/ecommerce-laravel-fixed/vendor/laravel/framework/src/Illuminate/Database/Query/Builder.php(3090): Illuminate/Database/Query/Builder->onceWithColumns(Array, Object(Closure))
#8 C:/Users/vesot/Downloads/Telegram Desktop/ecommerce-laravel-v6-fixed/ecommerce-laravel-fixed/vendor/laravel/framework/src/Illuminate/Database/Concerns/BuildsQueries.php(343): Illuminate/Database/Query/Builder->get(Array)
#9 C:/Users/vesot/Downloads/Telegram Desktop/ecommerce-laravel-v6-fixed/ecommerce-laravel-fixed/vendor/laravel/framework/src/Illuminate/Database/Query/Builder.php(3013): Illuminate/Database/Query/Builder->first(Array)
#10 C:/Users/vesot/Downloads/Telegram Desktop/ecommerce-laravel-v6-fixed/ecommerce-laravel-fixed/vendor/laravel/framework/src/Illuminate/Session/DatabaseSessionHandler.php(97): Illuminate/Database/Query/Builder->find('K1jXz6qpMmxQ7bD...')
#11 C:/Users/vesot/Downloads/Telegram Desktop/ecommerce-laravel-v6-fixed/ecommerce-laravel-fixed/vendor/laravel/framework/src/Illuminate/Session/Store.php(117): Illuminate/Session/DatabaseSessionHandler->read('K1jXz6qpMmxQ7bD...')
#12 C:/Users/vesot/Downloads/Telegram Desktop/ecommerce-laravel-v6-fixed/ecommerce-laravel-fixed/vendor/laravel/framework/src/Illuminate/Session/Store.php(105): Illuminate/Session/Store->readFromHandler()
#13 C:/Users/vesot/Downloads/Telegram Desktop/ecommerce-laravel-v6-fixed/ecommerce-laravel-fixed/vendor/laravel/framework/src/Illuminate/Session/Store.php(89): Illuminate/Session/Store->loadSession()
#14 C:/Users/vesot/Downloads/Telegram Desktop/ecommerce-laravel-v6-fixed/ecommerce-laravel-fixed/vendor/laravel/framework/src/Illuminate/Session/Middleware/StartSession.php(147): Illuminate/Session/Store->start()
#15 C:/Users/vesot/Downloads/Telegram Desktop/ecommerce-laravel-v6-fixed/ecommerce-laravel-fixed/vendor/laravel/framework/src/Illuminate/Support/helpers.php(399): Illuminate/Session/Middleware/StartSession->Illuminate/Session/Middleware/{closure}(Object(Illuminate/Session/Store))
#16 C:/Users/vesot/Downloads/Telegram Desktop/ecommerce-laravel-v6-fixed/ecommerce-laravel-fixed/vendor/laravel/framework/src/Illuminate/Session/Middleware/StartSession.php(144): tap(Object(Illuminate/Session/Store), Object(Closure))
#17 C:/Users/vesot/Downloads/Telegram Desktop/ecommerce-laravel-v6-fixed/ecommerce-laravel-fixed/vendor/laravel/framework/src/Illuminate/Session/Middleware/StartSession.php(116): Illuminate/Session/Middleware/StartSession->startSession(Object(Illuminate/Http/Request), Object(Illuminate/Session/Store))
#18 C:/Users/vesot/Downloads/Telegram Desktop/ecommerce-laravel-v6-fixed/ecommerce-laravel-fixed/vendor/laravel/framework/src/Illuminate/Session/Middleware/StartSession.php(64): Illuminate/Session/Middleware/StartSession->handleStatefulRequest(Object(Illuminate/Http/Request), Object(Illuminate/Session/Store), Object(Closure))
#19 C:/Users/vesot/Downloads/Telegram Desktop/ecommerce-laravel-v6-fixed/ecommerce-laravel-fixed/vendor/laravel/framework/src/Illuminate/Pipeline/Pipeline.php(209): Illuminate/Session/Middleware/StartSession->handle(Object(Illuminate/Http/Request), Object(Closure))
#20 C:/Users/vesot/Downloads/Telegram Desktop/ecommerce-laravel-v6-fixed/ecommerce-laravel-fixed/vendor/laravel/framework/src/Illuminate/Cookie/Middleware/AddQueuedCookiesToResponse.php(37): Illuminate/Pipeline/Pipeline->Illuminate/Pipeline/{closure}(Object(Illuminate/Http/Request))
#21 C:/Users/vesot/Downloads/Telegram Desktop/ecommerce-laravel-v6-fixed/ecommerce-laravel-fixed/vendor/laravel/framework/src/Illuminate/Pipeline/Pipeline.php(209): Illuminate/Cookie/Middleware/AddQueuedCookiesToResponse->handle(Object(Illuminate/Http/Request), Object(Closure))
#22 C:/Users/vesot/Downloads/Telegram Desktop/ecommerce-laravel-v6-fixed/ecommerce-laravel-fixed/vendor/laravel/framework/src/Illuminate/Cookie/Middleware/EncryptCookies.php(75): Illuminate/Pipeline/Pipeline->Illuminate/Pipeline/{closure}(Object(Illuminate/Http/Request))
#23 C:/Users/vesot/Downloads/Telegram Desktop/ecommerce-laravel-v6-fixed/ecommerce-laravel-fixed/vendor/laravel/framework/src/Illuminate/Pipeline/Pipeline.php(209): Illuminate/Cookie/Middleware/EncryptCookies->handle(Object(Illuminate/Http/Request), Object(Closure))
#24 C:/Users/vesot/Downloads/Telegram Desktop/ecommerce-laravel-v6-fixed/ecommerce-laravel-fixed/vendor/laravel/framework/src/Illuminate/Pipeline/Pipeline.php(127): Illuminate/Pipeline/Pipeline->Illuminate/Pipeline/{closure}(Object(Illuminate/Http/Request))
#25 C:/Users/vesot/Downloads/Telegram Desktop/ecommerce-laravel-v6-fixed/ecommerce-laravel-fixed/vendor/laravel/framework/src/Illuminate/Routing/Router.php(807): Illuminate/Pipeline/Pipeline->then(Object(Closure))
#26 C:/Users/vesot/Downloads/Telegram Desktop/ecommerce-laravel-v6-fixed/ecommerce-laravel-fixed/vendor/laravel/framework/src/Illuminate/Routing/Router.php(786): Illuminate/Routing/Router->runRouteWithinStack(Object(Illuminate/Routing/Route), Object(Illuminate/Http/Request))
#27 C:/Users/vesot/Downloads/Telegram Desktop/ecommerce-laravel-v6-fixed/ecommerce-laravel-fixed/vendor/laravel/framework/src/Illuminate/Routing/Router.php(750): Illuminate/Routing/Router->runRoute(Object(Illuminate/Http/Request), Object(Illuminate/Routing/Route))
#28 C:/Users/vesot/Downloads/Telegram Desktop/ecommerce-laravel-v6-fixed/ecommerce-laravel-fixed/vendor/laravel/framework/src/Illuminate/Routing/Router.php(739): Illuminate/Routing/Router->dispatchToRoute(Object(Illuminate/Http/Request))
#29 C:/Users/vesot/Downloads/Telegram Desktop/ecommerce-laravel-v6-fixed/ecommerce-laravel-fixed/vendor/laravel/framework/src/Illuminate/Foundation/Http/Kernel.php(201): Illuminate/Routing/Router->dispatch(Object(Illuminate/Http/Request))
#30 C:/Users/vesot/Downloads/Telegram Desktop/ecommerce-laravel-v6-fixed/ecommerce-laravel-fixed/vendor/laravel/framework/src/Illuminate/Pipeline/Pipeline.php(170): Illuminate/Foundation/Http/Kernel->Illuminate/Foundation/Http/{closure}(Object(Illuminate/Http/Request))
#31 C:/Users/vesot/Downloads/Telegram Desktop/ecommerce-laravel-v6-fixed/ecommerce-laravel-fixed/vendor/laravel/framework/src/Illuminate/Foundation/Http/Middleware/TransformsRequest.php(21): Illuminate/Pipeline/Pipeline->Illuminate/Pipeline/{closure}(Object(Illuminate/Http/Request))
#32 C:/Users/vesot/Downloads/Telegram Desktop/ecommerce-laravel-v6-fixed/ecommerce-laravel-fixed/vendor/laravel/framework/src/Illuminate/Foundation/Http/Middleware/ConvertEmptyStringsToNull.php(31): Illuminate/Foundation/Http/Middleware/TransformsRequest->handle(Object(Illuminate/Http/Request), Object(Closure))
#33 C:/Users/vesot/Downloads/Telegram Desktop/ecommerce-laravel-v6-fixed/ecommerce-laravel-fixed/vendor/laravel/framework/src/Illuminate/Pipeline/Pipeline.php(209): Illuminate/Foundation/Http/Middleware/ConvertEmptyStringsToNull->handle(Object(Illuminate/Http/Request), Object(Closure))
#34 C:/Users/vesot/Downloads/Telegram Desktop/ecommerce-laravel-v6-fixed/ecommerce-laravel-fixed/vendor/laravel/framework/src/Illuminate/Foundation/Http/Middleware/TransformsRequest.php(21): Illuminate/Pipeline/Pipeline->Illuminate/Pipeline/{closure}(Object(Illuminate/Http/Request))
#35 C:/Users/vesot/Downloads/Telegram Desktop/ecommerce-laravel-v6-fixed/ecommerce-laravel-fixed/vendor/laravel/framework/src/Illuminate/Foundation/Http/Middleware/TrimStrings.php(51): Illuminate/Foundation/Http/Middleware/TransformsRequest->handle(Object(Illuminate/Http/Request), Object(Closure))
#36 C:/Users/vesot/Downloads/Telegram Desktop/ecommerce-laravel-v6-fixed/ecommerce-laravel-fixed/vendor/laravel/framework/src/Illuminate/Pipeline/Pipeline.php(209): Illuminate/Foundation/Http/Middleware/TrimStrings->handle(Object(Illuminate/Http/Request), Object(Closure))
#37 C:/Users/vesot/Downloads/Telegram Desktop/ecommerce-laravel-v6-fixed/ecommerce-laravel-fixed/vendor/laravel/framework/src/Illuminate/Http/Middleware/ValidatePostSize.php(27): Illuminate/Pipeline/Pipeline->Illuminate/Pipeline/{closure}(Object(Illuminate/Http/Request))
#38 C:/Users/vesot/Downloads/Telegram Desktop/ecommerce-laravel-v6-fixed/ecommerce-laravel-fixed/vendor/laravel/framework/src/Illuminate/Pipeline/Pipeline.php(209): Illuminate/Http/Middleware/ValidatePostSize->handle(Object(Illuminate/Http/Request), Object(Closure))
#39 C:/Users/vesot/Downloads/Telegram Desktop/ecommerce-laravel-v6-fixed/ecommerce-laravel-fixed/vendor/laravel/framework/src/Illuminate/Foundation/Http/Middleware/PreventRequestsDuringMaintenance.php(110): Illuminate/Pipeline/Pipeline->Illuminate/Pipeline/{closure}(Object(Illuminate/Http/Request))
#40 C:/Users/vesot/Downloads/Telegram Desktop/ecommerce-laravel-v6-fixed/ecommerce-laravel-fixed/vendor/laravel/framework/src/Illuminate/Pipeline/Pipeline.php(209): Illuminate/Foundation/Http/Middleware/PreventRequestsDuringMaintenance->handle(Object(Illuminate/Http/Request), Object(Closure))
#41 C:/Users/vesot/Downloads/Telegram Desktop/ecommerce-laravel-v6-fixed/ecommerce-laravel-fixed/vendor/laravel/framework/src/Illuminate/Http/Middleware/HandleCors.php(49): Illuminate/Pipeline/Pipeline->Illuminate/Pipeline/{closure}(Object(Illuminate/Http/Request))
#42 C:/Users/vesot/Downloads/Telegram Desktop/ecommerce-laravel-v6-fixed/ecommerce-laravel-fixed/vendor/laravel/framework/src/Illuminate/Pipeline/Pipeline.php(209): Illuminate/Http/Middleware/HandleCors->handle(Object(Illuminate/Http/Request), Object(Closure))
#43 C:/Users/vesot/Downloads/Telegram Desktop/ecommerce-laravel-v6-fixed/ecommerce-laravel-fixed/vendor/laravel/framework/src/Illuminate/Http/Middleware/TrustProxies.php(58): Illuminate/Pipeline/Pipeline->Illuminate/Pipeline/{closure}(Object(Illuminate/Http/Request))
#44 C:/Users/vesot/Downloads/Telegram Desktop/ecommerce-laravel-v6-fixed/ecommerce-laravel-fixed/vendor/laravel/framework/src/Illuminate/Pipeline/Pipeline.php(209): Illuminate/Http/Middleware/TrustProxies->handle(Object(Illuminate/Http/Request), Object(Closure))
#45 C:/Users/vesot/Downloads/Telegram Desktop/ecommerce-laravel-v6-fixed/ecommerce-laravel-fixed/vendor/laravel/framework/src/Illuminate/Foundation/Http/Middleware/InvokeDeferredCallbacks.php(22): Illuminate/Pipeline/Pipeline->Illuminate/Pipeline/{closure}(Object(Illuminate/Http/Request))
#46 C:/Users/vesot/Downloads/Telegram Desktop/ecommerce-laravel-v6-fixed/ecommerce-laravel-fixed/vendor/laravel/framework/src/Illuminate/Pipeline/Pipeline.php(209): Illuminate/Foundation/Http/Middleware/InvokeDeferredCallbacks->handle(Object(Illuminate/Http/Request), Object(Closure))
#47 C:/Users/vesot/Downloads/Telegram Desktop/ecommerce-laravel-v6-fixed/ecommerce-laravel-fixed/vendor/laravel/framework/src/Illuminate/Pipeline/Pipeline.php(127): Illuminate/Pipeline/Pipeline->Illuminate/Pipeline/{closure}(Object(Illuminate/Http/Request))
#48 C:/Users/vesot/Downloads/Telegram Desktop/ecommerce-laravel-v6-fixed/ecommerce-laravel-fixed/vendor/laravel/framework/src/Illuminate/Foundation/Http/Kernel.php(176): Illuminate/Pipeline/Pipeline->then(Object(Closure))
#49 C:/Users/vesot/Downloads/Telegram Desktop/ecommerce-laravel-v6-fixed/ecommerce-laravel-fixed/vendor/laravel/framework/src/Illuminate/Foundation/Http/Kernel.php(145): Illuminate/Foundation/Http/Kernel->sendRequestThroughRouter(Object(Illuminate/Http/Request))
#50 C:/Users/vesot/Downloads/Telegram Desktop/ecommerce-laravel-v6-fixed/ecommerce-laravel-fixed/vendor/laravel/framework/src/Illuminate/Foundation/Application.php(1220): Illuminate/Foundation/Http/Kernel->handle(Object(Illuminate/Http/Request))
#51 C:/Users/vesot/Downloads/Telegram Desktop/ecommerce-laravel-v6-fixed/ecommerce-laravel-fixed/public/index.php(17): Illuminate/Foundation/Application->handleRequest(Object(Illuminate/Http/Request))
#52 C:/Users/vesot/Downloads/Telegram Desktop/ecommerce-laravel-v6-fixed/ecommerce-laravel-fixed/vendor/laravel/framework/src/Illuminate/Foundation/resources/server.php(23): require_once('C://Users//vesot//...')
#53 {main}

[previous exception] [object] (PDOException(code: 2002): SQLSTATE[HY000] [2002] No connection could be made because the target machine actively refused it at C:/Users/vesot/Downloads/Telegram Desktop/ecommerce-laravel-v6-fixed/ecommerce-laravel-fixed/vendor/laravel/framework/src/Illuminate/Database/Connectors/Connector.php:66)
[stacktrace]
#0 C:/Users/vesot/Downloads/Telegram Desktop/ecommerce-laravel-v6-fixed/ecommerce-laravel-fixed/vendor/laravel/framework/src/Illuminate/Database/Connectors/Connector.php(66): PDO->__construct('mysql:host=127....', 'root', Object(SensitiveParameterValue), Array)
#1 C:/Users/vesot/Downloads/Telegram Desktop/ecommerce-laravel-v6-fixed/ecommerce-laravel-fixed/vendor/laravel/framework/src/Illuminate/Database/Connectors/Connector.php(85): Illuminate/Database/Connectors/Connector->createPdoConnection('mysql:host=127....', 'root', Object(SensitiveParameterValue), Array)
#2 C:/Users/vesot/Downloads/Telegram Desktop/ecommerce-laravel-v6-fixed/ecommerce-laravel-fixed/vendor/laravel/framework/src/Illuminate/Database/Connectors/Connector.php(48): Illuminate/Database/Connectors/Connector->tryAgainIfCausedByLostConnection(Object(PDOException), 'mysql:host=127....', 'root', Object(SensitiveParameterValue), Array)
#3 C:/Users/vesot/Downloads/Telegram Desktop/ecommerce-laravel-v6-fixed/ecommerce-laravel-fixed/vendor/laravel/framework/src/Illuminate/Database/Connectors/MySqlConnector.php(24): Illuminate/Database/Connectors/Connector->createConnection('mysql:host=127....', Array, Array)
#4 C:/Users/vesot/Downloads/Telegram Desktop/ecommerce-laravel-v6-fixed/ecommerce-laravel-fixed/vendor/laravel/framework/src/Illuminate/Database/Connectors/ConnectionFactory.php(185): Illuminate/Database/Connectors/MySqlConnector->connect(Array)
#5 [internal function]: Illuminate/Database/Connectors/ConnectionFactory->Illuminate/Database/Connectors/{closure}()
#6 C:/Users/vesot/Downloads/Telegram Desktop/ecommerce-laravel-v6-fixed/ecommerce-laravel-fixed/vendor/laravel/framework/src/Illuminate/Database/Connection.php(1231): call_user_func(Object(Closure))
#7 C:/Users/vesot/Downloads/Telegram Desktop/ecommerce-laravel-v6-fixed/ecommerce-laravel-fixed/vendor/laravel/framework/src/Illuminate/Database/Connection.php(512): Illuminate/Database/Connection->getPdo()
#8 C:/Users/vesot/Downloads/Telegram Desktop/ecommerce-laravel-v6-fixed/ecommerce-laravel-fixed/vendor/laravel/framework/src/Illuminate/Database/Connection.php(407): Illuminate/Database/Connection->getPdoForSelect(false)
#9 C:/Users/vesot/Downloads/Telegram Desktop/ecommerce-laravel-v6-fixed/ecommerce-laravel-fixed/vendor/laravel/framework/src/Illuminate/Database/Connection.php(812): Illuminate/Database/Connection->Illuminate/Database/{closure}('select * from `...', Array)
#10 C:/Users/vesot/Downloads/Telegram Desktop/ecommerce-laravel-v6-fixed/ecommerce-laravel-fixed/vendor/laravel/framework/src/Illuminate/Database/Connection.php(979): Illuminate/Database/Connection->runQueryCallback('select * from `...', Array, Object(Closure))
#11 C:/Users/vesot/Downloads/Telegram Desktop/ecommerce-laravel-v6-fixed/ecommerce-laravel-fixed/vendor/laravel/framework/src/Illuminate/Database/Connection.php(958): Illuminate/Database/Connection->tryAgainIfCausedByLostConnection(Object(Illuminate/Database/QueryException), 'select * from `...', Array, Object(Closure))
#12 C:/Users/vesot/Downloads/Telegram Desktop/ecommerce-laravel-v6-fixed/ecommerce-laravel-fixed/vendor/laravel/framework/src/Illuminate/Database/Connection.php(781): Illuminate/Database/Connection->handleQueryException(Object(Illuminate/Database/QueryException), 'select * from `...', Array, Object(Closure))
#13 C:/Users/vesot/Downloads/Telegram Desktop/ecommerce-laravel-v6-fixed/ecommerce-laravel-fixed/vendor/laravel/framework/src/Illuminate/Database/Connection.php(398): Illuminate/Database/Connection->run('select * from `...', Array, Object(Closure))
#14 C:/Users/vesot/Downloads/Telegram Desktop/ecommerce-laravel-v6-fixed/ecommerce-laravel-fixed/vendor/laravel/framework/src/Illuminate/Database/Query/Builder.php(3106): Illuminate/Database/Connection->select('select * from `...', Array, false)
#15 C:/Users/vesot/Downloads/Telegram Desktop/ecommerce-laravel-v6-fixed/ecommerce-laravel-fixed/vendor/laravel/framework/src/Illuminate/Database/Query/Builder.php(3091): Illuminate/Database/Query/Builder->runSelect()
#16 C:/Users/vesot/Downloads/Telegram Desktop/ecommerce-laravel-v6-fixed/ecommerce-laravel-fixed/vendor/laravel/framework/src/Illuminate/Database/Query/Builder.php(3676): Illuminate/Database/Query/Builder->Illuminate/Database/Query/{closure}()
#17 C:/Users/vesot/Downloads/Telegram Desktop/ecommerce-laravel-v6-fixed/ecommerce-laravel-fixed/vendor/laravel/framework/src/Illuminate/Database/Query/Builder.php(3090): Illuminate/Database/Query/Builder->onceWithColumns(Array, Object(Closure))
#18 C:/Users/vesot/Downloads/Telegram Desktop/ecommerce-laravel-v6-fixed/ecommerce-laravel-fixed/vendor/laravel/framework/src/Illuminate/Database/Concerns/BuildsQueries.php(343): Illuminate/Database/Query/Builder->get(Array)
#19 C:/Users/vesot/Downloads/Telegram Desktop/ecommerce-laravel-v6-fixed/ecommerce-laravel-fixed/vendor/laravel/framework/src/Illuminate/Database/Query/Builder.php(3013): Illuminate/Database/Query/Builder->first(Array)
#20 C:/Users/vesot/Downloads/Telegram Desktop/ecommerce-laravel-v6-fixed/ecommerce-laravel-fixed/vendor/laravel/framework/src/Illuminate/Session/DatabaseSessionHandler.php(97): Illuminate/Database/Query/Builder->find('K1jXz6qpMmxQ7bD...')
#21 C:/Users/vesot/Downloads/Telegram Desktop/ecommerce-laravel-v6-fixed/ecommerce-laravel-fixed/vendor/laravel/framework/src/Illuminate/Session/Store.php(117): Illuminate/Session/DatabaseSessionHandler->read('K1jXz6qpMmxQ7bD...')
#22 C:/Users/vesot/Downloads/Telegram Desktop/ecommerce-laravel-v6-fixed/ecommerce-laravel-fixed/vendor/laravel/framework/src/Illuminate/Session/Store.php(105): Illuminate/Session/Store->readFromHandler()
#23 C:/Users/vesot/Downloads/Telegram Desktop/ecommerce-laravel-v6-fixed/ecommerce-laravel-fixed/vendor/laravel/framework/src/Illuminate/Session/Store.php(89): Illuminate/Session/Store->loadSession()
#24 C:/Users/vesot/Downloads/Telegram Desktop/ecommerce-laravel-v6-fixed/ecommerce-laravel-fixed/vendor/laravel/framework/src/Illuminate/Session/Middleware/StartSession.php(147): Illuminate/Session/Store->start()
#25 C:/Users/vesot/Downloads/Telegram Desktop/ecommerce-laravel-v6-fixed/ecommerce-laravel-fixed/vendor/laravel/framework/src/Illuminate/Support/helpers.php(399): Illuminate/Session/Middleware/StartSession->Illuminate/Session/Middleware/{closure}(Object(Illuminate/Session/Store))
#26 C:/Users/vesot/Downloads/Telegram Desktop/ecommerce-laravel-v6-fixed/ecommerce-laravel-fixed/vendor/laravel/framework/src/Illuminate/Session/Middleware/StartSession.php(144): tap(Object(Illuminate/Session/Store), Object(Closure))
#27 C:/Users/vesot/Downloads/Telegram Desktop/ecommerce-laravel-v6-fixed/ecommerce-laravel-fixed/vendor/laravel/framework/src/Illuminate/Session/Middleware/StartSession.php(116): Illuminate/Session/Middleware/StartSession->startSession(Object(Illuminate/Http/Request), Object(Illuminate/Session/Store))
#28 C:/Users/vesot/Downloads/Telegram Desktop/ecommerce-laravel-v6-fixed/ecommerce-laravel-fixed/vendor/laravel/framework/src/Illuminate/Session/Middleware/StartSession.php(64): Illuminate/Session/Middleware/StartSession->handleStatefulRequest(Object(Illuminate/Http/Request), Object(Illuminate/Session/Store), Object(Closure))
#29 C:/Users/vesot/Downloads/Telegram Desktop/ecommerce-laravel-v6-fixed/ecommerce-laravel-fixed/vendor/laravel/framework/src/Illuminate/Pipeline/Pipeline.php(209): Illuminate/Session/Middleware/StartSession->handle(Object(Illuminate/Http/Request), Object(Closure))
#30 C:/Users/vesot/Downloads/Telegram Desktop/ecommerce-laravel-v6-fixed/ecommerce-laravel-fixed/vendor/laravel/framework/src/Illuminate/Cookie/Middleware/AddQueuedCookiesToResponse.php(37): Illuminate/Pipeline/Pipeline->Illuminate/Pipeline/{closure}(Object(Illuminate/Http/Request))
#31 C:/Users/vesot/Downloads/Telegram Desktop/ecommerce-laravel-v6-fixed/ecommerce-laravel-fixed/vendor/laravel/framework/src/Illuminate/Pipeline/Pipeline.php(209): Illuminate/Cookie/Middleware/AddQueuedCookiesToResponse->handle(Object(Illuminate/Http/Request), Object(Closure))
#32 C:/Users/vesot/Downloads/Telegram Desktop/ecommerce-laravel-v6-fixed/ecommerce-laravel-fixed/vendor/laravel/framework/src/Illuminate/Cookie/Middleware/EncryptCookies.php(75): Illuminate/Pipeline/Pipeline->Illuminate/Pipeline/{closure}(Object(Illuminate/Http/Request))
#33 C:/Users/vesot/Downloads/Telegram Desktop/ecommerce-laravel-v6-fixed/ecommerce-laravel-fixed/vendor/laravel/framework/src/Illuminate/Pipeline/Pipeline.php(209): Illuminate/Cookie/Middleware/EncryptCookies->handle(Object(Illuminate/Http/Request), Object(Closure))
#34 C:/Users/vesot/Downloads/Telegram Desktop/ecommerce-laravel-v6-fixed/ecommerce-laravel-fixed/vendor/laravel/framework/src/Illuminate/Pipeline/Pipeline.php(127): Illuminate/Pipeline/Pipeline->Illuminate/Pipeline/{closure}(Object(Illuminate/Http/Request))
#35 C:/Users/vesot/Downloads/Telegram Desktop/ecommerce-laravel-v6-fixed/ecommerce-laravel-fixed/vendor/laravel/framework/src/Illuminate/Routing/Router.php(807): Illuminate/Pipeline/Pipeline->then(Object(Closure))
#36 C:/Users/vesot/Downloads/Telegram Desktop/ecommerce-laravel-v6-fixed/ecommerce-laravel-fixed/vendor/laravel/framework/src/Illuminate/Routing/Router.php(786): Illuminate/Routing/Router->runRouteWithinStack(Object(Illuminate/Routing/Route), Object(Illuminate/Http/Request))
#37 C:/Users/vesot/Downloads/Telegram Desktop/ecommerce-laravel-v6-fixed/ecommerce-laravel-fixed/vendor/laravel/framework/src/Illuminate/Routing/Router.php(750): Illuminate/Routing/Router->runRoute(Object(Illuminate/Http/Request), Object(Illuminate/Routing/Route))
#38 C:/Users/vesot/Downloads/Telegram Desktop/ecommerce-laravel-v6-fixed/ecommerce-laravel-fixed/vendor/laravel/framework/src/Illuminate/Routing/Router.php(739): Illuminate/Routing/Router->dispatchToRoute(Object(Illuminate/Http/Request))
#39 C:/Users/vesot/Downloads/Telegram Desktop/ecommerce-laravel-v6-fixed/ecommerce-laravel-fixed/vendor/laravel/framework/src/Illuminate/Foundation/Http/Kernel.php(201): Illuminate/Routing/Router->dispatch(Object(Illuminate/Http/Request))
#40 C:/Users/vesot/Downloads/Telegram Desktop/ecommerce-laravel-v6-fixed/ecommerce-laravel-fixed/vendor/laravel/framework/src/Illuminate/Pipeline/Pipeline.php(170): Illuminate/Foundation/Http/Kernel->Illuminate/Foundation/Http/{closure}(Object(Illuminate/Http/Request))
#41 C:/Users/vesot/Downloads/Telegram Desktop/ecommerce-laravel-v6-fixed/ecommerce-laravel-fixed/vendor/laravel/framework/src/Illuminate/Foundation/Http/Middleware/TransformsRequest.php(21): Illuminate/Pipeline/Pipeline->Illuminate/Pipeline/{closure}(Object(Illuminate/Http/Request))
#42 C:/Users/vesot/Downloads/Telegram Desktop/ecommerce-laravel-v6-fixed/ecommerce-laravel-fixed/vendor/laravel/framework/src/Illuminate/Foundation/Http/Middleware/ConvertEmptyStringsToNull.php(31): Illuminate/Foundation/Http/Middleware/TransformsRequest->handle(Object(Illuminate/Http/Request), Object(Closure))
#43 C:/Users/vesot/Downloads/Telegram Desktop/ecommerce-laravel-v6-fixed/ecommerce-laravel-fixed/vendor/laravel/framework/src/Illuminate/Pipeline/Pipeline.php(209): Illuminate/Foundation/Http/Middleware/ConvertEmptyStringsToNull->handle(Object(Illuminate/Http/Request), Object(Closure))
#44 C:/Users/vesot/Downloads/Telegram Desktop/ecommerce-laravel-v6-fixed/ecommerce-laravel-fixed/vendor/laravel/framework/src/Illuminate/Foundation/Http/Middleware/TransformsRequest.php(21): Illuminate/Pipeline/Pipeline->Illuminate/Pipeline/{closure}(Object(Illuminate/Http/Request))
#45 C:/Users/vesot/Downloads/Telegram Desktop/ecommerce-laravel-v6-fixed/ecommerce-laravel-fixed/vendor/laravel/framework/src/Illuminate/Foundation/Http/Middleware/TrimStrings.php(51): Illuminate/Foundation/Http/Middleware/TransformsRequest->handle(Object(Illuminate/Http/Request), Object(Closure))
#46 C:/Users/vesot/Downloads/Telegram Desktop/ecommerce-laravel-v6-fixed/ecommerce-laravel-fixed/vendor/laravel/framework/src/Illuminate/Pipeline/Pipeline.php(209): Illuminate/Foundation/Http/Middleware/TrimStrings->handle(Object(Illuminate/Http/Request), Object(Closure))
#47 C:/Users/vesot/Downloads/Telegram Desktop/ecommerce-laravel-v6-fixed/ecommerce-laravel-fixed/vendor/laravel/framework/src/Illuminate/Http/Middleware/ValidatePostSize.php(27): Illuminate/Pipeline/Pipeline->Illuminate/Pipeline/{closure}(Object(Illuminate/Http/Request))
#48 C:/Users/vesot/Downloads/Telegram Desktop/ecommerce-laravel-v6-fixed/ecommerce-laravel-fixed/vendor/laravel/framework/src/Illuminate/Pipeline/Pipeline.php(209): Illuminate/Http/Middleware/ValidatePostSize->handle(Object(Illuminate/Http/Request), Object(Closure))
#49 C:/Users/vesot/Downloads/Telegram Desktop/ecommerce-laravel-v6-fixed/ecommerce-laravel-fixed/vendor/laravel/framework/src/Illuminate/Foundation/Http/Middleware/PreventRequestsDuringMaintenance.php(110): Illuminate/Pipeline/Pipeline->Illuminate/Pipeline/{closure}(Object(Illuminate/Http/Request))
#50 C:/Users/vesot/Downloads/Telegram Desktop/ecommerce-laravel-v6-fixed/ecommerce-laravel-fixed/vendor/laravel/framework/src/Illuminate/Pipeline/Pipeline.php(209): Illuminate/Foundation/Http/Middleware/PreventRequestsDuringMaintenance->handle(Object(Illuminate/Http/Request), Object(Closure))
#51 C:/Users/vesot/Downloads/Telegram Desktop/ecommerce-laravel-v6-fixed/ecommerce-laravel-fixed/vendor/laravel/framework/src/Illuminate/Http/Middleware/HandleCors.php(49): Illuminate/Pipeline/Pipeline->Illuminate/Pipeline/{closure}(Object(Illuminate/Http/Request))
#52 C:/Users/vesot/Downloads/Telegram Desktop/ecommerce-laravel-v6-fixed/ecommerce-laravel-fixed/vendor/laravel/framework/src/Illuminate/Pipeline/Pipeline.php(209): Illuminate/Http/Middleware/HandleCors->handle(Object(Illuminate/Http/Request), Object(Closure))
#53 C:/Users/vesot/Downloads/Telegram Desktop/ecommerce-laravel-v6-fixed/ecommerce-laravel-fixed/vendor/laravel/framework/src/Illuminate/Http/Middleware/TrustProxies.php(58): Illuminate/Pipeline/Pipeline->Illuminate/Pipeline/{closure}(Object(Illuminate/Http/Request))
#54 C:/Users/vesot/Downloads/Telegram Desktop/ecommerce-laravel-v6-fixed/ecommerce-laravel-fixed/vendor/laravel/framework/src/Illuminate/Pipeline/Pipeline.php(209): Illuminate/Http/Middleware/TrustProxies->handle(Object(Illuminate/Http/Request), Object(Closure))
#55 C:/Users/vesot/Downloads/Telegram Desktop/ecommerce-laravel-v6-fixed/ecommerce-laravel-fixed/vendor/laravel/framework/src/Illuminate/Foundation/Http/Middleware/InvokeDeferredCallbacks.php(22): Illuminate/Pipeline/Pipeline->Illuminate/Pipeline/{closure}(Object(Illuminate/Http/Request))
#56 C:/Users/vesot/Downloads/Telegram Desktop/ecommerce-laravel-v6-fixed/ecommerce-laravel-fixed/vendor/laravel/framework/src/Illuminate/Pipeline/Pipeline.php(209): Illuminate/Foundation/Http/Middleware/InvokeDeferredCallbacks->handle(Object(Illuminate/Http/Request), Object(Closure))
#57 C:/Users/vesot/Downloads/Telegram Desktop/ecommerce-laravel-v6-fixed/ecommerce-laravel-fixed/vendor/laravel/framework/src/Illuminate/Pipeline/Pipeline.php(127): Illuminate/Pipeline/Pipeline->Illuminate/Pipeline/{closure}(Object(Illuminate/Http/Request))
#58 C:/Users/vesot/Downloads/Telegram Desktop/ecommerce-laravel-v6-fixed/ecommerce-laravel-fixed/vendor/laravel/framework/src/Illuminate/Foundation/Http/Kernel.php(176): Illuminate/Pipeline/Pipeline->then(Object(Closure))
#59 C:/Users/vesot/Downloads/Telegram Desktop/ecommerce-laravel-v6-fixed/ecommerce-laravel-fixed/vendor/laravel/framework/src/Illuminate/Foundation/Http/Kernel.php(145): Illuminate/Foundation/Http/Kernel->sendRequestThroughRouter(Object(Illuminate/Http/Request))
#60 C:/Users/vesot/Downloads/Telegram Desktop/ecommerce-laravel-v6-fixed/ecommerce-laravel-fixed/vendor/laravel/framework/src/Illuminate/Foundation/Application.php(1220): Illuminate/Foundation/Http/Kernel->handle(Object(Illuminate/Http/Request))
#61 C:/Users/vesot/Downloads/Telegram Desktop/ecommerce-laravel-v6-fixed/ecommerce-laravel-fixed/public/index.php(17): Illuminate/Foundation/Application->handleRequest(Object(Illuminate/Http/Request))
#62 C:/Users/vesot/Downloads/Telegram Desktop/ecommerce-laravel-v6-fixed/ecommerce-laravel-fixed/vendor/laravel/framework/src/Illuminate/Foundation/resources/server.php(23): require_once('C://Users//vesot//...')
#63 {main}
"} 
[2026-05-11 15:51:35] local.ERROR: Maximum execution time of 60 seconds exceeded {"exception":"[object] (Symfony\\Component\\ErrorHandler\\Error\\FatalError(code: 0): Maximum execution time of 60 seconds exceeded at C:/Users/Lucksing/Downloads/ecommerce-laravel-v6-fixed (2)/ecommerce-laravel-v6-fixed/ecommerce-laravel-fixed/vendor/laravel/framework/src/Illuminate/Database/Connection.php:812)
[stacktrace]
#0 {main}
"} 
